wine_type,winetype_numeric,residual sugar,pH,sulphates,sulphates 1=low 2=high,healthiness
red,1,1.4,3.75,0.48,1,1
red,1,2.2,3.46,0.47,1,1
red,1,1.8,3.36,0.44,1,1
red,1,1.8,3.36,0.44,1,1
red,1,2.4,3.47,0.45,1,1
red,1,2,3.6,0.46,1,1
red,1,1.4,3.45,0.48,1,1
red,1,2.1,3.49,0.49,1,1
red,1,3.2,3.61,0.49,1,1
red,1,1.6,3.33,0.37,1,1
red,1,5.5,3.35,0.49,1,1
red,1,5.5,3.35,0.49,1,1
red,1,1.8,3.5,0.44,1,1
red,1,2.4,3.26,0.39,1,1
red,1,2.4,3.26,0.39,1,1
red,1,2.1,3.51,0.43,1,1
red,1,1.75,3.38,0.49,1,1
red,1,2,3.4,0.47,1,1
red,1,1.7,3.41,0.47,1,1
red,1,1.9,3.44,0.48,1,1
red,1,3.6,3.28,0.49,1,1
red,1,2,3.33,0.46,1,1
red,1,2,3.33,0.46,1,1
red,1,2.8,3.36,0.49,1,1
red,1,2.8,3.36,0.49,1,1
red,1,2.2,3.39,0.4,1,1
red,1,2.2,3.39,0.4,1,1
red,1,3,3.43,0.46,1,1
red,1,4.65,3.41,0.39,1,1
red,1,4.65,3.41,0.39,1,1
red,1,1.2,3.39,0.47,1,1
red,1,2.6,3.3,0.47,1,1
red,1,1.7,3.12,0.48,1,1
red,1,2.7,3.24,0.44,1,1
red,1,1.9,3.37,0.46,1,1
red,1,1.9,3.37,0.46,1,1
red,1,2.1,3.5,0.4,1,1
red,1,2.1,3.23,0.48,1,1
red,1,1.7,3.29,0.47,1,1
red,1,2,3.36,0.44,1,1
red,1,2,3.36,0.44,1,1
red,1,1.9,3.51,0.43,1,1
red,1,2,3.3,0.48,1,1
red,1,2.2,3.21,0.49,1,1
red,1,1.9,3.34,0.47,1,1
red,1,0.9,2.89,0.44,1,1
red,1,0.9,2.89,0.44,1,1
red,1,2.6,3.22,0.37,1,1
red,1,1.8,3.54,0.48,1,1
red,1,1.4,3.11,0.46,1,1
red,1,2.1,3.26,0.47,1,1
red,1,2.2,3.3,0.43,1,1
red,1,1.7,3.53,0.49,1,1
red,1,3.4,3.48,0.49,1,1
red,1,3.3,3.23,0.44,1,1
red,1,1.65,3.19,0.46,1,1
red,1,2.1,3.9,0.56,2,2
red,1,2.3,3.85,0.6,2,2
red,1,2.1,3.71,0.74,2,2
red,1,1.6,3.74,0.62,2,2
red,1,1.2,4.01,0.59,2,2
red,1,4.3,3.49,0.66,2,2
red,1,2,3.72,0.74,2,2
red,1,1.6,3.7,0.75,2,2
red,1,1.3,3.9,0.62,2,2
red,1,2.1,3.46,0.87,2,2
red,1,1.7,3.56,0.94,2,2
red,1,1.8,3.68,0.73,2,2
red,1,1.6,3.54,0.62,2,2
red,1,2.3,3.71,0.62,2,2
red,1,2.15,3.78,0.61,2,2
red,1,1.8,3.68,0.79,2,2
red,1,1.8,3.68,0.79,2,2
red,1,1.5,3.62,0.61,2,2
red,1,1.7,3.57,0.84,2,2
red,1,2,3.78,0.64,2,2
red,1,1.2,4.01,0.59,2,2
red,1,1.2,3.57,0.85,2,2
red,1,1.8,3.5,0.82,2,2
red,1,2.1,3.68,0.73,2,2
red,1,2.2,3.71,0.63,2,2
red,1,2.2,3.71,0.63,2,2
red,1,2.4,3.56,0.55,2,2
red,1,2.5,3.52,0.58,2,2
red,1,1.4,3.56,0.82,2,2
red,1,2.3,3.63,0.63,2,2
red,1,2.3,3.63,0.63,2,2
red,1,1.4,3.45,0.56,2,2
red,1,1.8,3.54,0.52,2,2
red,1,2,3.66,0.6,2,2
red,1,1.7,3.39,0.54,2,2
red,1,13.4,3.33,0.54,2,2
red,1,2.1,3.56,0.77,2,2
red,1,2.1,3.56,0.77,2,2
red,1,1.9,3.5,0.53,2,2
red,1,1.6,3.48,0.85,2,2
red,1,2.4,3.62,0.67,2,2
red,1,1.8,3.3,0.5,2,2
red,1,2.1,3.54,0.93,2,2
red,1,2.1,3.54,0.93,2,2
red,1,12.9,3.3,0.56,2,2
red,1,2.3,3.58,0.59,2,2
red,1,1.8,3.42,0.74,2,2
red,1,1.7,3.45,0.54,2,2
red,1,2.1,3.52,0.56,2,2
red,1,2.2,3.59,0.54,2,2
red,1,1.4,3.25,0.59,2,2
red,1,2.5,3.46,0.65,2,2
red,1,2.1,3.59,0.61,2,2
red,1,2,3.45,0.87,2,2
red,1,1.6,3.61,0.54,2,2
red,1,2.2,3.57,0.57,2,2
red,1,2.2,3.57,0.57,2,2
red,1,1.8,3.44,0.78,2,2
red,1,2,3.59,0.55,2,2
red,1,2.9,3.51,0.6,2,2
red,1,3.2,3.56,0.52,2,2
red,1,2.1,3.41,0.6,2,2
red,1,2.3,3.41,0.68,2,2
red,1,2.4,3.56,0.73,2,2
red,1,2.3,3.56,0.51,2,2
red,1,3.9,3.5,0.67,2,2
red,1,2.3,3.47,0.71,2,2
red,1,2.2,3.49,0.52,2,2
red,1,3.3,3.36,0.62,2,2
red,1,1.65,3.47,0.53,2,2
red,1,2.3,3.56,0.51,2,2
red,1,1.6,3.5,0.63,2,2
red,1,5.6,3.58,0.5,2,2
red,1,2.2,3.62,0.62,2,2
red,1,2.2,3.61,0.7,2,2
red,1,4.3,3.45,0.56,2,2
red,1,2.8,3.21,0.56,2,2
red,1,8.3,3.44,0.55,2,2
red,1,3,3.33,0.59,2,2
red,1,3,3.45,0.63,2,2
red,1,6.1,3.35,0.68,2,2
red,1,1.9,3.69,0.73,2,2
red,1,1.9,3.69,0.73,2,2
red,1,1.6,3.44,0.58,2,2
red,1,2.2,3.59,0.68,2,2
red,1,1.7,3.12,0.5,2,2
red,1,2,3.35,0.76,2,2
red,1,7.8,3.52,0.5,2,2
red,1,1.8,3.44,0.55,2,2
red,1,2.3,3.52,0.56,2,2
red,1,2.3,3.52,0.56,2,2
red,1,2.7,3.58,0.89,2,2
red,1,2.4,3.4,0.72,2,2
red,1,2.4,3.38,0.66,2,2
red,1,2,3.38,0.52,2,2
red,1,2.4,3.35,0.54,2,2
red,1,2.9,3.46,0.61,2,2
red,1,1.7,3.39,0.6,2,2
red,1,1.7,3.39,0.6,2,2
red,1,1.7,3.39,0.6,2,2
red,1,1.7,3.39,0.6,2,2
red,1,2.8,3.42,1.16,2,2
red,1,2.1,3.36,0.7,2,2
red,1,2.1,3.36,0.7,2,2
red,1,2.3,3.52,0.57,2,2
red,1,8.6,3.16,0.57,2,2
red,1,2,3.6,0.74,2,2
red,1,2.4,3.55,0.61,2,2
red,1,1.7,3.44,0.63,2,2
red,1,8.8,3.38,0.64,2,2
red,1,8.8,3.38,0.64,2,2
red,1,2.1,3.34,0.52,2,2
red,1,5.6,3.46,0.72,2,2
red,1,5.6,3.46,0.72,2,2
red,1,2.1,3.47,0.55,2,2
red,1,2.3,3.36,0.58,2,2
red,1,2.1,3.35,0.62,2,2
red,1,2.1,3.35,0.62,2,2
red,1,2.4,3.52,0.55,2,2
red,1,3,3.45,0.56,2,2
red,1,6,3.41,0.59,2,2
red,1,6,3.41,0.59,2,2
red,1,3.9,3.41,0.52,2,2
red,1,4.8,3.53,0.54,2,2
red,1,2.5,3.43,0.56,2,2
red,1,1.8,3.4,0.82,2,2
red,1,1.8,3.4,0.82,2,2
red,1,2.7,3.44,0.63,2,2
red,1,2.7,3.44,0.63,2,2
red,1,2.3,3.41,0.83,2,2
red,1,1.8,3.36,0.55,2,2
red,1,1.8,3.36,0.55,2,2
red,1,2.5,3.26,0.58,2,2
red,1,2.2,3.41,0.59,2,2
red,1,2.4,3.41,0.6,2,2
red,1,2.3,3.42,0.58,2,2
red,1,2.4,3.4,0.59,2,2
red,1,2.4,3.4,0.6,2,2
red,1,2.2,3.25,1.18,2,2
red,1,2.5,3.46,0.57,2,2
red,1,1.5,3.53,0.57,2,2
red,1,2.8,3.41,0.52,2,2
red,1,2.4,3.34,0.53,2,2
red,1,2.6,3.46,0.5,2,2
red,1,2.6,3.46,0.5,2,2
red,1,2.2,3.41,0.75,2,2
red,1,2,3.4,0.84,2,2
red,1,2.1,3.44,0.58,2,2
red,1,1.4,3.32,0.58,2,2
red,1,2.4,3.3,0.65,2,2
red,1,1.8,3.61,0.82,2,2
red,1,2.4,3.4,0.53,2,2
red,1,2.3,3.4,0.54,2,2
red,1,2.2,3.52,0.62,2,2
red,1,4.5,3.3,1.17,2,2
red,1,4.5,3.3,1.17,2,2
red,1,1.8,3.53,0.61,2,2
red,1,2.1,3.35,0.54,2,2
red,1,5.6,3.34,0.76,2,2
red,1,2.3,3.39,0.56,2,2
red,1,4.8,3.32,0.7,2,2
red,1,1.6,3.5,0.63,2,2
red,1,2.5,3.38,0.6,2,2
red,1,2.5,3.38,0.6,2,2
red,1,2.5,3.38,0.6,2,2
red,1,2.5,3.39,0.77,2,2
red,1,2.1,3.39,0.84,2,2
red,1,2,3.43,0.59,2,2
red,1,2.8,3.24,0.53,2,2
red,1,1.8,3.49,0.64,2,2
red,1,1.8,3.49,0.64,2,2
red,1,1.9,3.37,0.64,2,2
red,1,1.9,3.37,0.64,2,2
red,1,5.5,3.42,0.71,2,2
red,1,5.5,3.42,0.71,2,2
red,1,5.5,3.42,0.72,2,2
red,1,5.5,3.42,0.72,2,2
red,1,2.3,3.42,0.58,2,2
red,1,2.3,3.42,0.58,2,2
red,1,2.2,3.42,0.68,2,2
red,1,2.2,3.4,0.58,2,2
red,1,2.3,3.4,0.61,2,2
red,1,2.3,3.4,0.61,2,2
red,1,4.4,3.41,0.57,2,2
red,1,2.5,3.42,0.65,2,2
red,1,2.1,3.42,0.55,2,2
red,1,2.5,3.35,0.54,2,2
red,1,2.4,3.35,0.66,2,2
red,1,2.1,3.3,0.53,2,2
red,1,2,3.39,0.52,2,2
red,1,2.3,3.35,0.52,2,2
red,1,1.7,3.23,1.1,2,2
red,1,2.5,3.37,0.54,2,2
red,1,2,3.44,0.58,2,2
red,1,2.3,3.38,0.6,2,2
red,1,2.3,3.38,0.6,2,2
red,1,2.6,3.39,0.71,2,2
red,1,2.1,3.4,0.85,2,2
red,1,2.1,3.4,0.85,2,2
red,1,2.1,3.4,0.85,2,2
red,1,2.1,3.4,0.85,2,2
red,1,2.2,3.42,0.72,2,2
red,1,2.5,3.32,0.79,2,2
red,1,5.5,3.37,0.68,2,2
red,1,2,3.23,0.73,2,2
red,1,2,3.23,0.73,2,2
red,1,2,3.23,0.76,2,2
red,1,2.3,3.32,0.51,2,2
red,1,1.9,3.46,0.53,2,2
red,1,2.1,3.35,0.61,2,2
red,1,2.5,3.52,0.8,2,2
red,1,2.8,3.34,0.72,2,2
red,1,2,3.43,0.54,2,2
red,1,2.1,3.3,0.65,2,2
red,1,2.1,3.3,0.65,2,2
red,1,2.3,3.43,0.62,2,2
red,1,3.6,3.4,0.63,2,2
red,1,2.4,3.46,0.59,2,2
red,1,2.1,3.33,0.53,2,2
red,1,5.9,3.33,0.83,2,2
red,1,5.9,3.33,0.83,2,2
red,1,1.8,3.35,0.58,2,2
red,1,2.5,3.36,0.78,2,2
red,1,2.5,3.36,0.78,2,2
red,1,2.2,3.32,0.68,2,2
red,1,2.5,3.6,0.59,2,2
red,1,2.2,3.32,0.68,2,2
red,1,1.2,3.29,0.52,2,2
red,1,1.2,3.29,0.52,2,2
red,1,1.6,3.38,0.57,2,2
red,1,2.5,3.35,0.77,2,2
red,1,2.1,3.34,0.82,2,2
red,1,2.2,3.58,0.67,2,2
red,1,1.8,3.37,0.62,2,2
red,1,3,3.37,0.51,2,2
red,1,1.8,3.49,0.68,2,2
red,1,1.8,3.49,0.68,2,2
red,1,4.25,3.63,0.54,2,2
red,1,2.4,3.43,0.59,2,2
red,1,2.4,3.58,0.69,2,2
red,1,2.4,3.58,0.69,2,2
red,1,2.6,3.39,0.68,2,2
red,1,2,3.45,0.58,2,2
red,1,1.9,3.42,0.57,2,2
red,1,2.1,3.35,0.63,2,2
red,1,2.1,3.35,0.63,2,2
red,1,1.8,3.38,0.88,2,2
red,1,1.6,3.38,0.58,2,2
red,1,2.4,3.32,0.6,2,2
red,1,1.8,3.35,0.54,2,2
red,1,1.8,3.35,0.54,2,2
red,1,3,3.37,0.7,2,2
red,1,2.6,3.3,0.59,2,2
red,1,1.7,3.36,0.54,2,2
red,1,1.7,3.36,0.54,2,2
red,1,1.7,3.36,0.54,2,2
red,1,1.7,3.36,0.54,2,2
red,1,2.3,3.58,0.61,2,2
red,1,6.1,3.35,0.8,2,2
red,1,6.1,3.35,0.8,2,2
red,1,2.6,3.21,0.9,2,2
red,1,2.6,3.38,0.59,2,2
red,1,2.6,3.36,0.62,2,2
red,1,2.6,3.36,0.62,2,2
red,1,2.5,3.38,0.55,2,2
red,1,2.3,3.4,0.64,2,2
red,1,3.1,3.54,0.6,2,2
red,1,2.2,3.44,0.72,2,2
red,1,3.1,3.21,1.03,2,2
red,1,2.6,3.21,0.57,2,2
red,1,2.7,3.21,0.59,2,2
red,1,2.7,3.31,0.61,2,2
red,1,2.8,3.17,0.63,2,2
red,1,2.8,3.22,0.55,2,2
red,1,1.7,3.37,0.51,2,2
red,1,3,3.32,0.57,2,2
red,1,1.7,3.31,0.62,2,2
red,1,2,3.44,0.64,2,2
red,1,1.9,3.36,0.59,2,2
red,1,2.5,3.3,0.58,2,2
red,1,2.1,3.48,0.65,2,2
red,1,2.3,3.32,0.62,2,2
red,1,2.5,3.51,0.71,2,2
red,1,2,3.44,0.82,2,2
red,1,2.7,3.44,0.54,2,2
red,1,2.5,3.22,0.59,2,2
red,1,2,3.39,0.62,2,2
red,1,2.4,3.29,0.6,2,2
red,1,2.2,3.35,0.65,2,2
red,1,1.8,3.32,0.56,2,2
red,1,1.8,3.32,0.56,2,2
red,1,2.6,3.37,0.58,2,2
red,1,2.6,3.37,0.58,2,2
red,1,2.6,3.38,0.56,2,2
red,1,2,3.15,0.79,2,2
red,1,2,3.28,0.9,2,2
red,1,2.1,3.41,0.57,2,2
red,1,2.1,3.41,0.57,2,2
red,1,2.7,3.37,0.78,2,2
red,1,1.8,3.41,0.71,2,2
red,1,1.7,3.33,0.56,2,2
red,1,2.3,3.43,0.59,2,2
red,1,6,3.37,0.69,2,2
red,1,2.8,3.31,0.64,2,2
red,1,1.9,3.31,0.56,2,2
red,1,2.4,3.42,0.6,2,2
red,1,2.6,3.38,0.62,2,2
red,1,1.9,3.4,0.69,2,2
red,1,1.9,3.31,0.63,2,2
red,1,2.7,3.33,0.78,2,2
red,1,2.1,3.24,0.53,2,2
red,1,2.5,3.34,0.61,2,2
red,1,2,3.39,0.66,2,2
red,1,2.3,3.46,0.74,2,2
red,1,4,3.36,0.67,2,2
red,1,4,3.36,0.67,2,2
red,1,2,3.33,0.68,2,2
red,1,1.5,3.29,0.71,2,2
red,1,1.9,3.27,0.54,2,2
red,1,1.6,3.29,0.69,2,2
red,1,2.2,3.33,0.93,2,2
red,1,2,3.35,0.6,2,2
red,1,2.5,3.34,0.74,2,2
red,1,1.7,3.32,0.8,2,2
red,1,2.9,3.49,0.96,2,2
red,1,8.3,3.01,0.51,2,2
red,1,8.3,3.01,0.51,2,2
red,1,1.9,3.41,0.56,2,2
red,1,3.6,3.35,0.86,2,2
red,1,2.5,3.2,0.72,2,2
red,1,2.8,3.35,0.56,2,2
red,1,1.7,3.34,0.57,2,2
red,1,2,3.36,0.61,2,2
red,1,2,3.26,0.56,2,2
red,1,1.8,3.42,0.92,2,2
red,1,1.9,3.34,0.95,2,2
red,1,2.7,3.31,0.58,2,2
red,1,2.6,3.43,0.62,2,2
red,1,2.8,3.31,0.62,2,2
red,1,2.4,3.37,0.58,2,2
red,1,2,3.22,0.58,2,2
red,1,1.8,3.36,0.66,2,2
red,1,1.9,3.3,0.64,2,2
red,1,1.7,3.38,0.6,2,2
red,1,2.2,3.28,0.66,2,2
red,1,2.1,3.15,0.81,2,2
red,1,2.2,3.3,1.2,2,2
red,1,2.1,3.37,0.77,2,2
red,1,2.8,3.43,0.72,2,2
red,1,2.6,3.37,0.56,2,2
red,1,2.6,3.37,0.56,2,2
red,1,2.2,3.27,1.01,2,2
red,1,2.3,3.25,0.53,2,2
red,1,1.6,3.25,0.54,2,2
red,1,2.5,3.53,0.81,2,2
red,1,2.8,3.53,0.61,2,2
red,1,1.9,3.24,0.69,2,2
red,1,2.1,3.29,0.75,2,2
red,1,2.1,3.29,0.75,2,2
red,1,5.1,3.22,0.94,2,2
red,1,5.1,3.22,0.94,2,2
red,1,2.4,3.27,0.81,2,2
red,1,2.4,3.27,0.81,2,2
red,1,2.5,3.27,0.85,2,2
red,1,2.2,3.31,0.68,2,2
red,1,2.5,3.4,0.78,2,2
red,1,2,3.28,0.57,2,2
red,1,1.9,3.23,0.81,2,2
red,1,1.9,3.21,0.54,2,2
red,1,2.3,3.27,0.55,2,2
red,1,2.5,3.32,0.88,2,2
red,1,2.4,3.33,0.7,2,2
red,1,2.4,3.33,0.7,2,2
red,1,2.8,3.3,0.76,2,2
red,1,2.6,3.48,0.53,2,2
red,1,1.9,3.39,0.61,2,2
red,1,1.4,3.25,0.64,2,2
red,1,2.6,3.51,0.72,2,2
red,1,2.5,3.36,0.54,2,2
red,1,2.1,3.4,0.61,2,2
red,1,3.4,3.36,0.61,2,2
red,1,2.5,3.31,0.7,2,2
red,1,2.2,3.32,0.58,2,2
red,1,2.4,3.34,0.86,2,2
red,1,4.2,3.45,0.68,2,2
red,1,3.8,3.27,0.64,2,2
red,1,2.1,3.26,0.62,2,2
red,1,2.1,3.26,0.62,2,2
red,1,2.4,3.31,0.77,2,2
red,1,2.4,3.31,0.77,2,2
red,1,2.3,3.38,0.77,2,2
red,1,2,3.31,0.57,2,2
red,1,1.7,3.39,0.6,2,2
red,1,2.1,3.13,0.52,2,2
red,1,2.2,3.3,0.72,2,2
red,1,2.2,3.3,0.72,2,2
red,1,1.8,3.38,0.89,2,2
red,1,1.8,3.38,0.89,2,2
red,1,3.1,3.22,0.78,2,2
red,1,2.1,3.11,0.78,2,2
red,1,2,3.27,0.71,2,2
red,1,1.9,3.36,0.67,2,2
red,1,1.8,3.3,0.75,2,2
red,1,1.7,3.52,0.63,2,2
red,1,1.9,3.16,0.85,2,2
red,1,1.9,3.16,0.85,2,2
red,1,4.7,3.38,0.66,2,2
red,1,2.3,3.14,0.71,2,2
red,1,1.8,3.38,0.72,2,2
red,1,1.7,3.3,0.74,2,2
red,1,1.75,3.33,0.76,2,2
red,1,6.3,3.28,0.56,2,2
red,1,2,3.28,0.6,2,2
red,1,2,3.2,0.56,2,2
red,1,2.8,3.33,0.6,2,2
red,1,6.4,3.27,0.58,2,2
red,1,6.4,3.27,0.58,2,2
red,1,1.9,3.47,0.87,2,2
red,1,2.3,3.18,0.8,2,2
red,1,2.3,3.18,0.8,2,2
red,1,1.8,3.35,0.69,2,2
red,1,2.2,3.27,0.67,2,2
red,1,1.4,3.36,0.76,2,2
red,1,2.7,3.26,0.63,2,2
red,1,2.5,3.34,0.86,2,2
red,1,2.5,3.34,0.86,2,2
red,1,2,3.14,0.57,2,2
red,1,2.8,3.33,0.67,2,2
red,1,3,3.48,0.74,2,2
red,1,3,3.48,0.74,2,2
red,1,3.3,3.3,0.73,2,2
red,1,2.4,3.33,0.77,2,2
red,1,6.2,3.24,0.77,2,2
red,1,4,3.22,0.5,2,2
red,1,4,3.22,0.5,2,2
red,1,1.7,3.31,0.53,2,2
red,1,1.4,3.21,0.75,2,2
red,1,3.3,3.31,0.53,2,2
red,1,2.2,3.54,0.66,2,2
red,1,2.2,3.54,0.66,2,2
red,1,2.2,3.21,0.6,2,2
red,1,2.2,3.21,0.6,2,2
red,1,2,3.15,0.69,2,2
red,1,2.1,3.26,0.56,2,2
red,1,1.7,3.14,0.59,2,2
red,1,2.3,3.39,0.72,2,2
red,1,2.3,3.39,0.72,2,2
red,1,2.8,3.31,0.79,2,2
red,1,5.9,3.3,0.62,2,2
red,1,2.6,3.32,0.79,2,2
red,1,2.3,3.37,0.58,2,2
red,1,1.9,3.18,1.36,2,2
red,1,2,3.17,0.55,2,2
red,1,2.5,3.34,0.64,2,2
red,1,5.6,3.38,0.77,2,2
red,1,5.6,3.38,0.77,2,2
red,1,2.2,3.33,0.83,2,2
red,1,2.2,3.33,0.83,2,2
red,1,3.45,3.44,0.52,2,2
red,1,2.6,3.4,0.69,2,2
red,1,1.8,3.41,0.76,2,2
red,1,1.8,3.41,0.76,2,2
red,1,1.8,3.41,0.76,2,2
red,1,3.6,3.23,0.7,2,2
red,1,4,3.21,0.59,2,2
red,1,4,3.21,0.59,2,2
red,1,1.7,3.25,0.55,2,2
red,1,1.9,3.35,0.7,2,2
red,1,2.2,3.27,0.75,2,2
red,1,2.6,3.32,0.9,2,2
red,1,2.4,3.36,0.53,2,2
red,1,2,3.34,0.57,2,2
red,1,1.7,3.29,0.67,2,2
red,1,1.7,3.29,0.67,2,2
red,1,3,3.29,0.55,2,2
red,1,2.4,3.33,0.65,2,2
red,1,1.3,3.2,0.83,2,2
red,1,2.1,3.31,0.62,2,2
red,1,2.4,3.13,0.58,2,2
red,1,2.4,3.2,0.6,2,2
red,1,2,3.22,0.6,2,2
red,1,2,3.44,0.86,2,2
red,1,2.1,3.41,0.87,2,2
red,1,2.1,3.41,0.87,2,2
red,1,1.9,3.18,0.63,2,2
red,1,1.9,3.32,0.71,2,2
red,1,1.9,3.32,0.71,2,2
red,1,1.8,3.32,1.04,2,2
red,1,9,3.18,0.6,2,2
red,1,1.8,3.18,0.82,2,2
red,1,1.6,3.23,0.58,2,2
red,1,2.1,3.3,0.8,2,2
red,1,1.8,3.18,0.55,2,2
red,1,2.05,3.26,0.84,2,2
red,1,2.05,3.26,0.84,2,2
red,1,2,3.26,0.84,2,2
red,1,2,3.27,0.85,2,2
red,1,4.6,3.28,0.57,2,2
red,1,1.8,3.21,0.69,2,2
red,1,2.2,2.87,1.36,2,2
red,1,1.6,3.2,0.67,2,2
red,1,2.3,3.24,0.56,2,2
red,1,2.3,3.35,0.61,2,2
red,1,2.2,3.33,0.86,2,2
red,1,2.5,3.34,0.79,2,2
red,1,2.2,3.26,0.65,2,2
red,1,2.6,3.34,0.75,2,2
red,1,2.8,3.31,0.67,2,2
red,1,2,3.28,0.79,2,2
red,1,1.8,3.27,0.77,2,2
red,1,1.6,3.24,0.81,2,2
red,1,1.5,3.47,0.73,2,2
red,1,1.5,3.47,0.73,2,2
red,1,1.5,3.47,0.73,2,2
red,1,1.7,3.27,0.78,2,2
red,1,1.5,3.18,0.89,2,2
red,1,2.1,3.22,0.72,2,2
red,1,3.8,3.23,0.57,2,2
red,1,2.8,3.19,0.73,2,2
red,1,2.7,3.19,0.7,2,2
red,1,2.3,3.47,0.9,2,2
red,1,2.5,3.15,0.5,2,2
red,1,2.2,3.07,0.63,2,2
red,1,3.6,3.29,0.52,2,2
red,1,3.6,3.29,0.52,2,2
red,1,2.8,3.15,0.92,2,2
red,1,2.8,3.12,0.54,2,2
red,1,2.4,3.2,1.13,2,2
red,1,2.4,3.2,1.13,2,2
red,1,4.6,3.27,0.64,2,2
red,1,4.6,3.34,0.79,2,2
red,1,1.9,3.25,0.62,2,2
red,1,2.7,3.12,0.74,2,2
red,1,2.1,3.23,0.56,2,2
red,1,1.9,3.26,0.56,2,2
red,1,8.9,3.29,0.81,2,2
red,1,6.3,3.21,0.73,2,2
red,1,2,3.29,0.58,2,2
red,1,2.4,3.28,0.73,2,2
red,1,2.5,3.19,0.7,2,2
red,1,2.8,3.11,0.92,2,2
red,1,3.4,3.3,0.65,2,2
red,1,2.2,3.14,0.6,2,2
red,1,2.2,3.14,0.6,2,2
red,1,1.4,3.22,0.82,2,2
red,1,2.9,3.3,0.64,2,2
red,1,2.9,3.3,0.64,2,2
red,1,2.3,3.24,0.56,2,2
red,1,1.9,3.15,0.75,2,2
red,1,2.8,3.18,0.68,2,2
red,1,2.1,3.23,0.66,2,2
red,1,2.4,3.2,0.71,2,2
red,1,2.2,3.36,0.76,2,2
red,1,1.6,3.27,0.66,2,2
red,1,2.5,3.29,0.62,2,2
red,1,2.5,3.29,0.62,2,2
red,1,2.6,3.26,0.66,2,2
red,1,1.5,3.14,0.51,2,2
red,1,2.1,3.27,0.74,2,2
red,1,2,3.3,0.86,2,2
red,1,2.7,3.42,0.9,2,2
red,1,3.2,3.23,0.58,2,2
red,1,2.6,3.31,0.79,2,2
red,1,2.5,3.24,0.65,2,2
red,1,2.5,3.41,0.67,2,2
red,1,1.4,3.19,0.55,2,2
red,1,1.7,3.14,0.57,2,2
red,1,3.2,3.37,0.71,2,2
red,1,3.2,3.37,0.71,2,2
red,1,2.3,3.34,0.52,2,2
red,1,1.7,3.35,0.94,2,2
red,1,2,3.04,0.9,2,2
red,1,2,2.94,0.98,2,2
red,1,2.1,3.26,0.79,2,2
red,1,1.5,3.26,0.82,2,2
red,1,1.7,3.18,0.83,2,2
red,1,2,3.15,0.73,2,2
red,1,2.4,3.19,0.76,2,2
red,1,6.7,3.27,0.82,2,2
red,1,2.2,3.18,0.69,2,2
red,1,5,3.19,0.52,2,2
red,1,6.2,3.21,0.49,1,1
red,1,1.8,3.17,0.42,1,1
red,1,1.9,3.17,0.47,1,1
red,1,1.9,3.17,0.47,1,1
red,1,1.9,3.1,0.48,1,1
red,1,2.7,3.28,0.56,2,2
red,1,2.7,3.22,0.68,2,2
red,1,2.2,3.18,0.56,2,2
red,1,2.2,3.18,0.56,2,2
red,1,2.2,3.18,0.63,2,2
red,1,2.2,3.18,0.63,2,2
red,1,2.6,3.36,0.8,2,2
red,1,2.3,3.15,0.57,2,2
red,1,2.7,3.23,0.63,2,2
red,1,1.9,2.98,0.63,2,2
red,1,3.4,3.26,0.93,2,2
red,1,2,3.23,0.52,2,2
red,1,2.9,3.33,0.62,2,2
red,1,2.6,3.22,0.64,2,2
red,1,1.8,3.04,0.79,2,2
red,1,5.1,3.32,0.64,2,2
red,1,2.4,3.17,0.65,2,2
red,1,1.6,3.24,0.83,2,2
red,1,3.4,3.43,0.64,2,2
red,1,2.4,3.22,0.65,2,2
red,1,2.3,3.17,0.53,2,2
red,1,2.4,3.14,0.61,2,2
red,1,2.6,3.05,0.74,2,2
red,1,2.5,3.38,0.86,2,2
red,1,2.2,3.16,0.67,2,2
red,1,2,3.14,0.79,2,2
red,1,2.4,3.22,0.63,2,2
red,1,4.1,3.29,0.99,2,2
red,1,2.1,3.2,0.69,2,2
red,1,2.9,3.23,0.66,2,2
red,1,2.9,3.23,0.66,2,2
red,1,2.9,3.16,0.78,2,2
red,1,2,3.16,0.72,2,2
red,1,4.5,3.28,0.83,2,2
red,1,1.4,3.16,0.51,2,2
red,1,6.4,3.23,0.82,2,2
red,1,2.1,3.22,0.66,2,2
red,1,2.7,3.22,0.64,2,2
red,1,1.8,3.25,1.02,2,2
red,1,1.9,3.33,0.87,2,2
red,1,1.9,3.33,0.87,2,2
red,1,1.8,3.18,1.06,2,2
red,1,2.8,3.26,0.74,2,2
red,1,2.8,3.26,0.74,2,2
red,1,3.7,3.19,0.7,2,2
red,1,2,3.22,0.76,2,2
red,1,2,3.22,0.76,2,2
red,1,2.3,3.1,0.87,2,2
red,1,2.1,3.12,0.65,2,2
red,1,6.55,3.17,0.85,2,2
red,1,6.55,3.17,0.85,2,2
red,1,3.3,3.21,0.69,2,2
red,1,1.8,3.21,1.05,2,2
red,1,1.9,3.18,1.04,2,2
red,1,2.1,3.15,0.9,2,2
red,1,2.1,3.15,0.9,2,2
red,1,2.2,3.06,0.84,2,2
red,1,2.95,3.24,0.75,2,2
red,1,2.4,3.09,0.66,2,2
red,1,2.4,3.09,0.66,2,2
red,1,2.2,3.23,0.76,2,2
red,1,3.2,3.19,0.7,2,2
red,1,2.9,3.08,0.57,2,2
red,1,2.8,3.06,0.57,2,2
red,1,2.5,3.26,0.86,2,2
red,1,2.6,3.23,0.72,2,2
red,1,2.3,3.14,0.72,2,2
red,1,2.7,3.21,0.87,2,2
red,1,2.2,3.26,0.66,2,2
red,1,4.1,3.06,0.66,2,2
red,1,2.6,3.15,0.65,2,2
red,1,2.6,3.15,0.65,2,2
red,1,1.9,3.12,0.65,2,2
red,1,2.6,3.15,0.79,2,2
red,1,1.6,3.22,0.78,2,2
red,1,2.6,2.99,1.18,2,2
red,1,2.5,3.24,0.71,2,2
red,1,2.5,3.24,0.71,2,2
red,1,2.1,3.17,0.76,2,2
red,1,1.6,3.28,0.73,2,2
red,1,4,3.22,0.78,2,2
red,1,1.8,3.28,0.77,2,2
red,1,1.8,3.28,0.77,2,2
red,1,4.6,3.07,0.56,2,2
red,1,4.6,3.07,0.56,2,2
red,1,2.8,3.22,0.68,2,2
red,1,2,3.3,0.71,2,2
red,1,2.1,3.31,0.88,2,2
red,1,2.55,3.18,0.61,2,2
red,1,1.5,3.22,0.64,2,2
red,1,3.1,3.17,0.53,2,2
red,1,2.7,3.12,1.02,2,2
red,1,2.2,3.02,0.83,2,2
red,1,2.2,3.02,0.83,2,2
red,1,3.2,3.17,0.66,2,2
red,1,2.65,3.24,0.77,2,2
red,1,2.5,3.06,0.72,2,2
red,1,5.15,3.22,0.62,2,2
red,1,1.8,3.15,0.57,2,2
red,1,2.4,3.2,0.53,2,2
red,1,2.4,3.2,0.53,2,2
red,1,5.2,3.22,0.69,2,2
red,1,2.7,3.13,0.7,2,2
red,1,2.7,3.15,0.63,2,2
red,1,6.2,3.11,0.99,2,2
red,1,2,3.11,0.97,2,2
red,1,4,3.28,0.97,2,2
red,1,4,3.28,0.97,2,2
red,1,4,3.28,0.97,2,2
red,1,2.6,3.09,0.53,2,2
red,1,2.6,3.18,0.65,2,2
red,1,2.6,3.18,0.65,2,2
red,1,3,3.26,0.88,2,2
red,1,3.3,3.32,0.91,2,2
red,1,3,3.26,1.11,2,2
red,1,4.4,3.01,0.83,2,2
red,1,2.8,3.13,0.53,2,2
red,1,1.4,3.07,0.65,2,2
red,1,1.4,3.07,0.65,2,2
red,1,2.1,3.21,0.67,2,2
red,1,2.8,3.32,0.92,2,2
red,1,3.65,3.05,0.74,2,2
red,1,1.7,3.15,0.67,2,2
red,1,2.2,3.21,0.69,2,2
red,1,1.8,3.2,0.72,2,2
red,1,3.4,3.3,0.76,2,2
red,1,2.1,3.11,0.62,2,2
red,1,2.5,3.05,0.56,2,2
red,1,1.9,3.09,0.63,2,2
red,1,2.7,3.16,0.61,2,2
red,1,2.7,3.16,0.61,2,2
red,1,2,3.24,0.76,2,2
red,1,3.1,3.15,0.85,2,2
red,1,2.6,3.12,0.78,2,2
red,1,2.8,3.1,0.61,2,2
red,1,2.8,3.1,0.61,2,2
red,1,2.15,3.06,0.68,2,2
red,1,3.4,3.17,0.84,2,2
red,1,2.3,3,0.65,2,2
red,1,2,3.1,0.76,2,2
red,1,1.4,3.07,0.6,2,2
red,1,1.4,2.92,0.68,2,2
red,1,3,3.18,0.63,2,2
red,1,2.1,3.14,0.71,2,2
red,1,4.2,3.22,0.6,2,2
red,1,2,3.03,0.66,2,2
red,1,1.4,3.13,0.63,2,2
red,1,1.4,3.13,0.63,2,2
red,1,2.6,3.1,0.61,2,2
red,1,3.1,3.2,0.8,2,2
red,1,2.6,3.12,0.75,2,2
red,1,3,3.16,1,2,2
red,1,2,2.99,0.87,2,2
red,1,2.6,3.15,0.82,2,2
red,1,2.6,3.1,0.73,2,2
red,1,2.4,3.08,0.87,2,2
red,1,4.3,3.25,0.74,2,2
red,1,2.5,3.07,0.82,2,2
red,1,2.8,3.21,0.76,2,2
red,1,2.8,3.14,0.57,2,2
red,1,2.8,3.14,0.57,2,2
red,1,5.8,3.07,0.73,2,2
red,1,5.8,3.07,0.73,2,2
red,1,2.4,3.1,0.6,2,2
red,1,2.6,3.2,0.77,2,2
red,1,2.6,3.2,0.77,2,2
red,1,2.8,3.09,0.68,2,2
red,1,5.8,3.2,0.66,2,2
red,1,2.6,3.05,0.61,2,2
red,1,4.3,3.3,0.68,2,2
red,1,4.3,3.3,0.68,2,2
red,1,2.8,3.04,0.68,2,2
red,1,4.8,3.18,0.77,2,2
red,1,2.9,3.06,0.8,2,2
red,1,2.9,3.06,0.8,2,2
red,1,3,3.02,0.93,2,2
red,1,3.8,3.01,0.81,2,2
red,1,4.2,2.92,0.74,2,2
red,1,4.2,2.92,0.74,2,2
red,1,4.2,2.92,0.74,2,2
red,1,3.7,2.95,0.68,2,2
red,1,7.5,2.98,0.84,2,2
red,1,1.5,3.5,0.48,1,1
red,1,1.7,3.32,0.44,1,1
red,1,1.4,3.36,0.45,1,1
red,1,1.4,3.36,0.45,1,1
red,1,1.4,3.36,0.45,1,1
red,1,3.9,3.32,0.48,1,1
red,1,2,3.36,0.48,1,1
red,1,4.3,3.2,0.45,1,1
red,1,4.3,3.2,0.45,1,1
red,1,1.8,3.38,0.45,1,1
red,1,1.8,3.12,0.49,1,1
red,1,2.35,3.29,0.45,1,1
red,1,2,3.45,0.48,1,1
red,1,2,3.45,0.48,1,1
red,1,1.3,3.17,0.48,1,1
red,1,2.7,3.29,0.48,1,1
red,1,2.2,3.33,0.48,1,1
red,1,1.8,3.34,0.39,1,1
red,1,1.8,3.34,0.39,1,1
red,1,1.6,3.37,0.48,1,1
red,1,7.2,3.37,0.49,1,1
red,1,2,3.33,0.47,1,1
red,1,2,3.33,0.47,1,1
red,1,2.1,3.39,0.47,1,1
red,1,7.3,3.37,0.49,1,1
red,1,1.8,3.1,0.42,1,1
red,1,4.1,3.02,0.47,1,1
red,1,1.7,3.1,0.4,1,1
red,1,2,3.1,0.43,1,1
red,1,1.9,3.34,0.49,1,1
red,1,2.3,3.12,0.44,1,1
red,1,3.8,3.24,0.45,1,1
red,1,1.6,3.4,0.47,1,1
red,1,1.7,3.16,0.49,1,1
red,1,1.7,3.16,0.49,1,1
red,1,2.1,3.32,0.48,1,1
red,1,1.9,3.31,0.48,1,1
red,1,2.6,3.39,0.49,1,1
red,1,1.7,3.35,0.48,1,1
red,1,1.8,3.08,0.49,1,1
red,1,2.2,3.27,0.45,1,1
red,1,3.8,3.26,0.46,1,1
red,1,1.6,3.39,0.48,1,1
red,1,1.6,3.16,0.46,1,1
red,1,1.6,3.16,0.46,1,1
red,1,1.8,3.36,0.33,1,1
red,1,1.6,3.3,0.46,1,1
red,1,3.4,3.19,0.42,1,1
red,1,2.3,3.34,0.46,1,1
red,1,2.3,3.34,0.46,1,1
red,1,2,3.29,0.48,1,1
red,1,2.1,3.3,0.49,1,1
red,1,2.1,3.3,0.49,1,1
red,1,3.3,3.36,0.49,1,1
red,1,2.2,3.26,0.46,1,1
red,1,2.5,3.38,0.46,1,1
red,1,2.5,3.3,0.47,1,1
red,1,2.3,3.2,0.45,1,1
red,1,2.2,3.37,0.46,1,1
red,1,2,3.22,0.44,1,1
red,1,2,3.22,0.44,1,1
red,1,1.7,3.09,0.43,1,1
red,1,6,3.37,0.49,1,1
red,1,2.1,3.13,0.48,1,1
red,1,2.1,3.2,0.48,1,1
red,1,2.6,3.3,0.48,1,1
red,1,2.4,3.08,0.46,1,1
red,1,2.3,3.4,0.48,1,1
red,1,3.2,3.36,0.45,1,1
red,1,2.2,3.36,0.49,1,1
red,1,2.2,3.36,0.49,1,1
red,1,1.6,3.32,0.47,1,1
red,1,1.8,3.3,0.44,1,1
red,1,1.4,3.12,0.48,1,1
red,1,2.5,3.2,0.47,1,1
red,1,1.6,3.15,0.49,1,1
red,1,2,3.25,0.42,1,1
red,1,2,3.25,0.42,1,1
red,1,2.3,3.25,0.48,1,1
red,1,1.8,3.38,0.55,2,2
red,1,1.4,3.32,0.58,2,2
red,1,1.6,3.58,0.52,2,2
red,1,1.8,3.42,0.57,2,2
red,1,1.6,3.41,0.56,2,2
red,1,1.7,3.46,0.79,2,2
red,1,1.6,3.56,0.84,2,2
red,1,1.8,3.52,0.6,2,2
red,1,1.4,3.34,0.56,2,2
red,1,1.7,3.34,0.58,2,2
red,1,1.6,3.34,0.56,2,2
red,1,1.8,3.46,0.68,2,2
red,1,1.8,3.46,0.68,2,2
red,1,1.9,3.57,0.62,2,2
red,1,1.8,3.59,0.66,2,2
red,1,1.8,3.59,0.66,2,2
red,1,1.8,3.59,0.66,2,2
red,1,1.6,3.58,0.66,2,2
red,1,1.9,3.46,0.65,2,2
red,1,1.8,3.34,0.52,2,2
red,1,2.4,3.66,0.65,2,2
red,1,2.4,3.66,0.65,2,2
red,1,2.1,3.49,0.67,2,2
red,1,2.1,3.32,0.62,2,2
red,1,2.2,3.4,0.63,2,2
red,1,2.1,3.39,0.64,2,2
red,1,2.1,3.38,0.69,2,2
red,1,1.5,3.4,0.58,2,2
red,1,7.9,3.47,0.53,2,2
red,1,7.9,3.47,0.53,2,2
red,1,1.8,3.28,0.54,2,2
red,1,1.9,3.52,0.58,2,2
red,1,2.2,3.1,0.53,2,2
red,1,2,3.61,0.64,2,2
red,1,2,3.61,0.64,2,2
red,1,1.9,3.59,0.57,2,2
red,1,1.8,3.54,0.58,2,2
red,1,1.6,3.29,0.6,2,2
red,1,1.8,3.48,0.52,2,2
red,1,2.1,3.33,0.56,2,2
red,1,1.5,3.42,0.6,2,2
red,1,3.8,3.28,0.61,2,2
red,1,1.5,3.36,0.79,2,2
red,1,1.7,3.41,0.67,2,2
red,1,1.7,3.41,0.67,2,2
red,1,1.9,3.4,0.74,2,2
red,1,1.2,3.32,0.51,2,2
red,1,1.8,3.62,0.68,2,2
red,1,10.7,3.45,0.52,2,2
red,1,3,3.69,0.91,2,2
red,1,3,3.69,0.91,2,2
red,1,2,3.47,0.55,2,2
red,1,1.5,3.35,0.78,2,2
red,1,2.1,3.68,0.71,2,2
red,1,2.4,3.43,0.63,2,2
red,1,1.9,3.4,0.73,2,2
red,1,1.7,3.38,0.64,2,2
red,1,1.9,3.4,0.75,2,2
red,1,1.9,3.4,0.75,2,2
red,1,2.3,3.57,0.78,2,2
red,1,1.8,3.48,0.53,2,2
red,1,1.8,3.34,0.54,2,2
red,1,1.6,3.34,0.55,2,2
red,1,1.6,3.34,0.56,2,2
red,1,1.4,3.28,0.61,2,2
red,1,2,3.25,0.63,2,2
red,1,1.5,3.08,0.6,2,2
red,1,2,3.35,0.6,2,2
red,1,2,3.31,0.6,2,2
red,1,2.1,3.47,0.67,2,2
red,1,1.8,3.22,0.59,2,2
red,1,2.7,3.55,0.6,2,2
red,1,2.1,3.47,0.67,2,2
red,1,2.1,3.47,0.67,2,2
red,1,2.1,3.47,0.67,2,2
red,1,2.5,3.48,0.56,2,2
red,1,1.9,3.34,0.6,2,2
red,1,1.9,3.35,0.6,2,2
red,1,2,3.39,0.57,2,2
red,1,1.9,3.6,0.81,2,2
red,1,1.8,3.44,0.6,2,2
red,1,2.2,3.48,0.5,2,2
red,1,1.6,3.27,0.62,2,2
red,1,1.9,3.27,0.64,2,2
red,1,1.6,3.44,0.5,2,2
red,1,1.9,3.47,0.55,2,2
red,1,2,3.28,0.62,2,2
red,1,1.8,3.19,0.5,2,2
red,1,1.9,3.38,0.52,2,2
red,1,3.9,3.46,0.54,2,2
red,1,2.2,2.94,1.62,2,2
red,1,2,3.67,0.73,2,2
red,1,2.3,3.55,0.53,2,2
red,1,2.3,3.55,0.53,2,2
red,1,2.5,3.48,0.6,2,2
red,1,1.8,3.45,0.58,2,2
red,1,2.5,3.55,0.59,2,2
red,1,2.6,3.5,0.6,2,2
red,1,1.8,3.47,0.7,2,2
red,1,1.8,3.47,0.7,2,2
red,1,1.9,3.37,0.58,2,2
red,1,1.9,3.37,0.58,2,2
red,1,1.9,3.37,0.58,2,2
red,1,1.9,3.37,0.58,2,2
red,1,2,3.48,0.64,2,2
red,1,2.5,3.44,0.52,2,2
red,1,4,3.25,0.51,2,2
red,1,2.1,3.44,0.52,2,2
red,1,2.1,3.44,0.52,2,2
red,1,2.7,3.51,0.54,2,2
red,1,2.7,3.51,0.54,2,2
red,1,2.5,3.53,0.55,2,2
red,1,2.5,3.53,0.55,2,2
red,1,1.8,3.4,0.58,2,2
red,1,1.8,3.42,0.59,2,2
red,1,1.8,3.42,0.59,2,2
red,1,1.6,3.36,0.7,2,2
red,1,2.1,3.52,0.72,2,2
red,1,1.4,3.32,0.81,2,2
red,1,1.4,3.32,0.81,2,2
red,1,2.5,3.51,0.53,2,2
red,1,2.6,3.51,0.54,2,2
red,1,2.3,3.53,0.57,2,2
red,1,2.3,3.53,0.57,2,2
red,1,2.3,3.67,0.8,2,2
red,1,2.2,3.53,0.58,2,2
red,1,2,3.29,0.51,2,2
red,1,2,3.26,0.52,2,2
red,1,1.7,3.3,0.57,2,2
red,1,2.5,3.49,0.52,2,2
red,1,1.8,3.35,0.56,2,2
red,1,1.9,3.26,0.59,2,2
red,1,2.4,3.41,0.54,2,2
red,1,1.8,3.16,1.14,2,2
red,1,1.7,3.41,0.65,2,2
red,1,2.1,3.52,0.73,2,2
red,1,2.1,3.52,0.73,2,2
red,1,2.1,3.31,0.55,2,2
red,1,1.7,3.24,0.5,2,2
red,1,2,3.28,0.52,2,2
red,1,2,3.61,0.96,2,2
red,1,2,3.61,0.96,2,2
red,1,4.4,3.38,0.5,2,2
red,1,2,3.36,0.57,2,2
red,1,2,3.34,0.55,2,2
red,1,2.2,3.05,0.63,2,2
red,1,1.9,3.26,0.86,2,2
red,1,1.9,3.51,0.56,2,2
red,1,1.9,3.51,0.56,2,2
red,1,1.8,3.51,0.56,2,2
red,1,2,3.15,0.57,2,2
red,1,5.4,3.28,0.5,2,2
red,1,1.7,3.41,0.53,2,2
red,1,1.6,3.39,0.54,2,2
red,1,5.2,3.16,0.52,2,2
red,1,5.2,3.16,0.52,2,2
red,1,1.8,3.3,0.58,2,2
red,1,1.8,3.3,0.58,2,2
red,1,2.6,3.33,0.68,2,2
red,1,2.4,3.43,0.76,2,2
red,1,2.1,3.29,0.56,2,2
red,1,2.1,3.29,0.56,2,2
red,1,2,3.48,0.65,2,2
red,1,2,3.48,0.65,2,2
red,1,1.8,3.5,0.7,2,2
red,1,1.6,3.31,0.64,2,2
red,1,3.7,3.14,0.58,2,2
red,1,8.1,3.2,0.58,2,2
red,1,8.1,3.2,0.58,2,2
red,1,1.6,3.34,0.58,2,2
red,1,5.1,3.26,0.77,2,2
red,1,7,3.38,0.77,2,2
red,1,1.9,3.38,0.62,2,2
red,1,2.7,3.45,0.62,2,2
red,1,2,3.45,0.78,2,2
red,1,1.8,3,1.59,2,2
red,1,1.5,3.42,0.58,2,2
red,1,2.6,3.32,0.7,2,2
red,1,1.9,3.39,0.54,2,2
red,1,1.9,3.3,0.53,2,2
red,1,1.9,3.3,0.53,2,2
red,1,2,3.26,0.58,2,2
red,1,2,3.26,0.58,2,2
red,1,2.2,3.28,0.59,2,2
red,1,1.9,3.41,0.58,2,2
red,1,1.9,3.41,0.58,2,2
red,1,3,3.36,0.57,2,2
red,1,3.9,3.15,0.57,2,2
red,1,2,3.48,0.64,2,2
red,1,1.3,3.17,1.08,2,2
red,1,1.5,3.39,0.51,2,2
red,1,2.3,3.21,0.61,2,2
red,1,1.6,3.11,0.8,2,2
red,1,2.2,3.36,0.52,2,2
red,1,2.5,3.39,0.61,2,2
red,1,1.8,3.28,0.59,2,2
red,1,1.9,3.45,0.59,2,2
red,1,1.7,3.46,0.62,2,2
red,1,1.7,3.46,0.62,2,2
red,1,2.1,3.4,0.64,2,2
red,1,2.1,3.4,0.64,2,2
red,1,2,3.2,0.56,2,2
red,1,2.4,3.47,0.66,2,2
red,1,2.2,3.28,0.55,2,2
red,1,2.2,3.28,0.55,2,2
red,1,2.3,3.52,0.65,2,2
red,1,2.5,3.39,0.56,2,2
red,1,2.1,3.26,0.54,2,2
red,1,2.7,3.26,0.61,2,2
red,1,2.2,3.25,0.73,2,2
red,1,2.1,3.42,0.74,2,2
red,1,2.6,3.3,0.52,2,2
red,1,2,3.48,0.62,2,2
red,1,1.8,3.21,0.71,2,2
red,1,2.4,3.27,0.73,2,2
red,1,1.8,3.06,1.26,2,2
red,1,2.1,3.26,0.5,2,2
red,1,2.1,3.26,0.5,2,2
red,1,3.8,3.34,0.53,2,2
red,1,1.9,3.32,0.54,2,2
red,1,1.9,3.23,0.59,2,2
red,1,1.9,3.39,0.64,2,2
red,1,1.9,3.39,0.64,2,2
red,1,2.5,3.24,0.66,2,2
red,1,1.5,3.16,0.54,2,2
red,1,1.5,3.16,0.54,2,2
red,1,3.5,3.25,1.08,2,2
red,1,1.9,3.43,0.65,2,2
red,1,1.9,3.43,0.65,2,2
red,1,1.7,3.09,1.06,2,2
red,1,1.6,3.26,1.56,2,2
red,1,2.2,3.25,0.56,2,2
red,1,2,3.41,0.74,2,2
red,1,1.9,3.43,0.74,2,2
red,1,1.8,3.29,0.53,2,2
red,1,2.3,3.29,0.63,2,2
red,1,1.7,3.08,1.31,2,2
red,1,2,3.37,0.5,2,2
red,1,2,3.25,0.54,2,2
red,1,2,3.34,0.59,2,2
red,1,1.7,3.26,0.64,2,2
red,1,2.7,3.22,0.67,2,2
red,1,1.9,3.13,1.28,2,2
red,1,2.1,3.33,0.54,2,2
red,1,2,3.32,0.54,2,2
red,1,2,3.36,0.57,2,2
red,1,2.4,3.3,0.6,2,2
red,1,1.7,3.19,0.62,2,2
red,1,2.2,3.18,0.62,2,2
red,1,1.8,3.19,0.93,2,2
red,1,1.8,3.19,0.93,2,2
red,1,5.5,3.4,0.55,2,2
red,1,2,3.38,0.59,2,2
red,1,2.3,3.26,0.65,2,2
red,1,2.6,3.2,0.68,2,2
red,1,2.4,3.24,0.71,2,2
red,1,1.8,3.28,0.87,2,2
red,1,1.6,3.32,0.87,2,2
red,1,1.8,3.04,1.08,2,2
red,1,1.7,3.29,0.65,2,2
red,1,1.8,3.28,0.67,2,2
red,1,2,3.27,0.54,2,2
red,1,2.6,3.4,0.53,2,2
red,1,1.9,3.23,0.54,2,2
red,1,2,3.2,0.55,2,2
red,1,1.9,3.2,0.55,2,2
red,1,1.9,3.27,0.58,2,2
red,1,2.3,3.21,0.58,2,2
red,1,2.3,3.21,0.58,2,2
red,1,1.4,3.43,0.58,2,2
red,1,2,3.29,0.69,2,2
red,1,1.6,3.17,0.91,2,2
red,1,1.6,3.17,0.91,2,2
red,1,1.8,3.31,0.91,2,2
red,1,1.8,3.3,0.92,2,2
red,1,1.9,3.39,0.54,2,2
red,1,2.1,3.25,0.51,2,2
red,1,2.1,3.25,0.51,2,2
red,1,2.2,3.22,0.55,2,2
red,1,2,3.29,0.61,2,2
red,1,2,3.29,0.61,2,2
red,1,3.2,3.26,0.57,2,2
red,1,3.2,3.22,0.54,2,2
red,1,2,3.24,0.66,2,2
red,1,2.6,3.44,0.53,2,2
red,1,2.3,3.24,0.54,2,2
red,1,2.3,3.24,0.54,2,2
red,1,2.5,3.37,0.8,2,2
red,1,2.5,3.22,1.07,2,2
red,1,2.1,3.27,0.5,2,2
red,1,1.8,3.37,0.52,2,2
red,1,2.2,3.08,0.53,2,2
red,1,1.9,3.3,0.59,2,2
red,1,1.9,3.3,0.59,2,2
red,1,2.2,3.36,0.55,2,2
red,1,2.1,3.29,0.51,2,2
red,1,2.1,3.29,0.51,2,2
red,1,2,3.21,0.69,2,2
red,1,1.7,3.11,1.28,2,2
red,1,1.8,3.17,0.62,2,2
red,1,1.8,3.3,1.05,2,2
red,1,4.1,3.36,0.53,2,2
red,1,2.1,3.23,0.73,2,2
red,1,2.2,3.25,0.5,2,2
red,1,2.2,3.25,0.5,2,2
red,1,3.3,3.6,0.72,2,2
red,1,2.6,3.34,0.75,2,2
red,1,2.3,3.32,0.55,2,2
red,1,2.3,3.32,0.55,2,2
red,1,2,3.13,0.62,2,2
red,1,2,3.13,0.62,2,2
red,1,2.5,3.5,0.65,2,2
red,1,2.9,3.23,0.62,2,2
red,1,3.4,3.28,0.62,2,2
red,1,2,3.19,0.7,2,2
red,1,1.7,3.2,0.52,2,2
red,1,1.7,3.2,0.52,2,2
red,1,2,3.34,0.64,2,2
red,1,1.5,3.26,0.74,2,2
red,1,2.3,3.38,0.99,2,2
red,1,2.9,3.17,0.62,2,2
red,1,1.5,3.16,1.12,2,2
red,1,2.1,3.31,0.53,2,2
red,1,2.6,3.31,0.59,2,2
red,1,2.6,3.26,0.61,2,2
red,1,3.4,3.27,0.61,2,2
red,1,2,3.21,0.8,2,2
red,1,2,3.21,0.8,2,2
red,1,2,3.21,0.8,2,2
red,1,2.9,3.29,0.55,2,2
red,1,2.9,3.29,0.55,2,2
red,1,2.9,3.29,0.55,2,2
red,1,1.8,3.18,0.6,2,2
red,1,2.4,3.37,0.62,2,2
red,1,1.8,3.23,0.77,2,2
red,1,1.8,3.23,0.77,2,2
red,1,1.9,3.31,0.54,2,2
red,1,1.4,3.26,0.7,2,2
red,1,1.4,3.26,0.7,2,2
red,1,2.2,3.15,0.53,2,2
red,1,2.2,3.15,0.53,2,2
red,1,2.3,3.17,0.66,2,2
red,1,2.6,3.15,0.5,2,2
red,1,2,3.16,0.54,2,2
red,1,1.8,3.06,1.06,2,2
red,1,2.1,3.2,0.52,2,2
red,1,2.2,3.2,0.59,2,2
red,1,2.4,3.31,0.64,2,2
red,1,1.9,3.19,0.82,2,2
red,1,1.9,3.19,0.82,2,2
red,1,2.2,3.15,0.66,2,2
red,1,2.2,3.15,0.66,2,2
red,1,2.7,3.26,0.57,2,2
red,1,1.4,3.03,1.34,2,2
red,1,6.1,3.31,1.14,2,2
red,1,2.3,3.17,0.53,2,2
red,1,1.9,3.01,1.1,2,2
red,1,2.8,3.34,0.7,2,2
red,1,2.25,3.33,0.54,2,2
red,1,2,3.03,1.17,2,2
red,1,2.9,3.09,0.52,2,2
red,1,6.6,3.32,1.07,2,2
red,1,1.8,3.02,1.15,2,2
red,1,1.5,3.2,0.52,2,2
red,1,1.5,3.2,0.52,2,2
red,1,3,3.3,0.53,2,2
red,1,3,3.2,0.56,2,2
red,1,1.6,3.31,0.65,2,2
red,1,2,2.93,1.98,2,2
red,1,2.6,3.37,0.91,2,2
red,1,1.9,2.93,1.95,2,2
red,1,1.9,2.93,1.95,2,2
red,1,2.5,3.32,0.6,2,2
red,1,2.5,3.32,0.6,2,2
red,1,1.7,3,1.17,2,2
red,1,1.7,3,1.17,2,2
red,1,2.5,3.27,0.6,2,2
red,1,2.5,3.27,0.6,2,2
red,1,2.3,3.1,0.55,2,2
red,1,1.6,3.25,0.58,2,2
red,1,1.6,3.31,0.65,2,2
red,1,2.5,3.1,0.74,2,2
red,1,1.4,3.27,0.55,2,2
red,1,1.2,3.2,0.58,2,2
red,1,2.5,3.19,0.52,2,2
red,1,2.5,3.39,0.54,2,2
red,1,2.2,3.44,0.64,2,2
red,1,1.7,3.15,0.74,2,2
red,1,2.8,3.26,0.51,2,2
red,1,2.1,3.04,1.03,2,2
red,1,2.9,3.14,0.54,2,2
red,1,2.4,3.19,0.59,2,2
red,1,2.4,3.19,0.59,2,2
red,1,2.8,3.3,0.6,2,2
red,1,2.7,3.26,0.61,2,2
red,1,2.9,3.23,0.54,2,2
red,1,2.9,3.29,0.6,2,2
red,1,2.85,3.1,0.53,2,2
red,1,3.8,3.16,0.88,2,2
red,1,3.9,3.17,0.93,2,2
red,1,7.9,3.27,0.57,2,2
red,1,2,3.12,1.02,2,2
red,1,1.7,3,1.09,2,2
red,1,1.8,3.39,0.53,2,2
red,1,1.6,3.12,0.59,2,2
red,1,3,3.38,0.61,2,2
red,1,2,3.04,1.61,2,2
red,1,2,3.26,0.53,2,2
red,1,2.8,3.1,0.56,2,2
red,1,2.4,3.23,0.58,2,2
red,1,2.9,3.08,0.61,2,2
red,1,2.4,3.35,0.6,2,2
red,1,1.9,3.27,0.61,2,2
red,1,2.7,3.31,0.61,2,2
red,1,2.8,3.32,0.62,2,2
red,1,1.9,3.16,0.7,2,2
red,1,2.5,3.38,0.62,2,2
red,1,2.8,3.32,0.63,2,2
red,1,2,3.27,0.72,2,2
red,1,2.6,3.35,0.57,2,2
red,1,2.6,3.35,0.57,2,2
red,1,2.8,3.23,0.57,2,2
red,1,2.6,3.39,0.63,2,2
red,1,2.6,3.08,0.59,2,2
red,1,1.7,2.9,1.33,2,2
red,1,1.3,3.24,0.6,2,2
red,1,2.6,3.35,0.83,2,2
red,1,2.6,3.36,0.86,2,2
red,1,2.8,3.31,0.55,2,2
red,1,2.4,3.38,0.62,2,2
red,1,2.2,3.18,0.51,2,2
red,1,3.2,3.28,0.54,2,2
red,1,1.6,3.29,0.54,2,2
red,1,3.1,3.28,0.59,2,2
red,1,2.6,3.15,0.51,2,2
red,1,3.4,2.74,2,2,2
red,1,3,3.31,0.54,2,2
red,1,2.6,3.21,0.57,2,2
red,1,3,3.23,0.59,2,2
red,1,2.4,3.23,0.64,2,2
red,1,2.7,3.28,0.58,2,2
red,1,3.3,3.26,0.67,2,2
red,1,2.6,3.48,0.54,2,2
red,1,2.5,3.22,0.55,2,2
red,1,1.9,3.28,0.55,2,2
red,1,1.9,3.28,0.55,2,2
red,1,2.1,3.14,1.22,2,2
red,1,3.4,3.24,0.62,2,2
red,1,2,3.28,0.7,2,2
red,1,2.1,3.12,0.59,2,2
red,1,2.2,3.22,0.62,2,2
red,1,2.4,3.28,0.55,2,2
red,1,3.2,3.31,0.53,2,2
red,1,2,3.14,0.56,2,2
red,1,2.3,3.24,0.53,2,2
red,1,2.3,3.27,0.55,2,2
red,1,2,3.18,0.51,2,2
red,1,2.3,3.46,0.63,2,2
red,1,2.3,3.46,0.63,2,2
red,1,2.3,3.17,0.67,2,2
red,1,2.4,3.24,0.53,2,2
red,1,2.3,3.5,0.57,2,2
red,1,2.3,3.5,0.57,2,2
red,1,2.9,3.14,0.61,2,2
red,1,2.5,3.28,0.82,2,2
red,1,2,3.15,0.53,2,2
red,1,2.3,3.24,0.6,2,2
red,1,2.5,3.15,0.58,2,2
red,1,2.5,3.16,0.59,2,2
red,1,3.5,3.29,0.58,2,2
red,1,5.8,3.14,0.55,2,2
red,1,2.4,3.09,0.57,2,2
red,1,2.4,3.09,0.57,2,2
red,1,2.3,3.39,0.62,2,2
red,1,2.3,3.39,0.62,2,2
red,1,2.3,3.39,0.62,2,2
red,1,2.3,3.21,0.5,2,2
red,1,2.3,3.21,0.5,2,2
red,1,2.6,3.28,0.51,2,2
red,1,3.4,3.31,0.71,2,2
red,1,3.4,3.31,0.71,2,2
red,1,2.5,3.15,0.43,1,1
red,1,2.2,3.23,0.49,1,1
red,1,2.2,3.19,0.43,1,1
red,1,2.3,3.16,0.49,1,1
red,1,2.3,3.16,0.49,1,1
red,1,2.2,3.19,0.44,1,1
red,1,2.2,3.19,0.44,1,1
red,1,1.9,3.06,0.49,1,1
red,1,1.6,3.15,0.65,2,2
red,1,11,3.16,0.69,2,2
red,1,11,3.16,0.69,2,2
red,1,1.9,3.13,0.55,2,2
red,1,2.2,3.2,0.78,2,2
red,1,2.2,3.2,0.78,2,2
red,1,2.9,3.48,0.91,2,2
red,1,1.9,3.22,0.65,2,2
red,1,2.3,3.32,0.67,2,2
red,1,15.4,3.18,0.77,2,2
red,1,15.4,3.18,0.77,2,2
red,1,3.4,3.04,0.63,2,2
red,1,2.5,3.12,0.59,2,2
red,1,2.5,3.12,0.59,2,2
red,1,2.8,3.18,0.64,2,2
red,1,2.4,3.19,0.62,2,2
red,1,2.4,3.19,0.63,2,2
red,1,2.8,3.28,0.7,2,2
red,1,2.1,3.16,0.63,2,2
red,1,2.6,3.16,0.69,2,2
red,1,2.7,3.25,0.63,2,2
red,1,2.8,3.24,0.67,2,2
red,1,1.5,3.38,0.86,2,2
red,1,3.2,3.15,0.89,2,2
red,1,3.2,3.15,0.89,2,2
red,1,1.7,3.2,0.89,2,2
red,1,2.1,3.3,0.56,2,2
red,1,15.5,3.12,0.66,2,2
red,1,2.2,3.04,1.05,2,2
red,1,2.2,3.04,1.06,2,2
red,1,2.2,3.14,0.51,2,2
red,1,2.6,3.16,0.52,2,2
red,1,6.6,3.22,0.68,2,2
red,1,2,3.18,0.62,2,2
red,1,2.2,2.89,0.5,2,2
red,1,2.2,2.89,0.5,2,2
red,1,2.1,3.03,0.81,2,2
red,1,2.7,3.28,0.98,2,2
red,1,2.2,3.08,0.67,2,2
red,1,2.2,3.08,0.67,2,2
red,1,2.5,3.05,0.64,2,2
red,1,3.3,3.13,0.54,2,2
red,1,1.8,3.3,0.75,2,2
red,1,1.8,3.3,0.75,2,2
red,1,2.7,3.13,0.51,2,2
red,1,2.3,3.17,0.71,2,2
red,1,1.9,3.16,0.58,2,2
red,1,2,2.94,0.66,2,2
red,1,2,2.94,0.66,2,2
red,1,2.3,3.09,0.8,2,2
red,1,2.1,3.17,0.62,2,2
red,1,3.6,3.12,0.82,2,2
red,1,2.1,2.98,0.7,2,2
red,1,2.2,3.03,0.93,2,2
red,1,2.2,3.25,0.57,2,2
red,1,3.3,3.2,0.95,2,2
red,1,1.8,3.14,0.7,2,2
red,1,1.5,3.02,0.76,2,2
red,1,1.5,3.02,0.76,2,2
red,1,1.6,3.38,0.86,2,2
red,1,1.9,2.98,0.66,2,2
red,1,2.4,3.12,1.18,2,2
red,1,2,3.04,0.6,2,2
red,1,4.6,3.02,0.61,2,2
red,1,4.5,3.05,0.57,2,2
red,1,2.3,3.11,1.36,2,2
red,1,2.6,3.17,0.68,2,2
red,1,2.2,2.88,0.82,2,2
red,1,2.3,3,0.7,2,2
red,1,2.3,3.03,0.57,2,2
red,1,2.2,3.1,0.56,2,2
red,1,2.2,3.1,0.56,2,2
red,1,2.7,2.98,0.54,2,2
red,1,3.2,3.05,0.81,2,2
red,1,2.6,3.16,0.67,2,2
red,1,1.8,2.86,0.79,2,2
red,1,2.2,3.07,0.84,2,2
red,1,2.2,3.07,0.84,2,2
white,2,11.1,3.75,0.44,1,1
white,2,4.2,3.57,0.36,1,1
white,2,2.8,3.48,0.34,1,1
white,2,1.2,3.31,0.4,1,1
white,2,2.9,3.38,0.34,1,1
white,2,1.1,3.32,0.36,1,1
white,2,1.5,3.48,0.44,1,1
white,2,1.5,3.48,0.39,1,1
white,2,4.5,3.45,0.31,1,1
white,2,3.7,3.36,0.3,1,1
white,2,1.3,3.26,0.37,1,1
white,2,8.3,3.36,0.37,1,1
white,2,1,3.22,0.39,1,1
white,2,6.8,3.38,0.4,1,1
white,2,2.3,3.29,0.46,1,1
white,2,1.6,3.51,0.38,1,1
white,2,1.6,3.51,0.38,1,1
white,2,1,3.55,0.44,1,1
white,2,3.8,3.55,0.49,1,1
white,2,1.2,3.37,0.38,1,1
white,2,1.4,3.36,0.33,1,1
white,2,1.5,3.56,0.48,1,1
white,2,1.3,3.59,0.38,1,1
white,2,6.3,3.37,0.4,1,1
white,2,10.5,3.34,0.46,1,1
white,2,4.2,3.3,0.36,1,1
white,2,1.6,3.54,0.41,1,1
white,2,7.8,3.19,0.38,1,1
white,2,4,3.3,0.43,1,1
white,2,1.2,3.28,0.36,1,1
white,2,6.4,3.22,0.27,1,1
white,2,1.7,3.22,0.48,1,1
white,2,1.7,3.29,0.39,1,1
white,2,0.9,3.5,0.39,1,1
white,2,1.2,3.33,0.44,1,1
white,2,1.1,3.34,0.38,1,1
white,2,1.7,3.15,0.39,1,1
white,2,1.4,3.32,0.35,1,1
white,2,10.2,2.98,0.43,1,1
white,2,5.3,3.3,0.39,1,1
white,2,7.1,3.3,0.4,1,1
white,2,10.6,3.4,0.34,1,1
white,2,6.9,3.25,0.49,1,1
white,2,0.9,3.5,0.39,1,1
white,2,4.5,3.56,0.45,1,1
white,2,1,3.37,0.34,1,1
white,2,4.8,3.29,0.37,1,1
white,2,4.7,3.28,0.36,1,1
white,2,1.7,3.35,0.37,1,1
white,2,1.2,3.2,0.46,1,1
white,2,1.2,3.8,0.41,1,1
white,2,9,3.36,0.37,1,1
white,2,11.4,3.03,0.34,1,1
white,2,10.4,3.39,0.37,1,1
white,2,0.9,3.24,0.46,1,1
white,2,1.4,3.44,0.37,1,1
white,2,3.7,3.22,0.27,1,1
white,2,3.7,3.22,0.27,1,1
white,2,3.5,3.17,0.36,1,1
white,2,1.3,3.37,0.43,1,1
white,2,7,3.46,0.45,1,1
white,2,14.95,3.37,0.37,1,1
white,2,1.2,3.42,0.4,1,1
white,2,1.4,3.29,0.38,1,1
white,2,1,3.36,0.48,1,1
white,2,3.5,3.1,0.38,1,1
white,2,1,3.5,0.42,1,1
white,2,3.5,3.53,0.43,1,1
white,2,3.5,3.2,0.44,1,1
white,2,1.5,2.96,0.35,1,1
white,2,3.7,3.25,0.42,1,1
white,2,1.4,3.26,0.35,1,1
white,2,4,3.39,0.39,1,1
white,2,1.3,3.2,0.47,1,1
white,2,7.4,3.49,0.42,1,1
white,2,14.4,3.24,0.41,1,1
white,2,1.4,3.3,0.36,1,1
white,2,11.4,3.35,0.48,1,1
white,2,2.4,3.25,0.48,1,1
white,2,5.1,3.16,0.44,1,1
white,2,5.4,3.24,0.41,1,1
white,2,1.6,3.25,0.45,1,1
white,2,7.85,3.52,0.43,1,1
white,2,1.2,3.46,0.44,1,1
white,2,1.3,3.31,0.47,1,1
white,2,1.5,3.36,0.49,1,1
white,2,6.4,3.24,0.46,1,1
white,2,3.2,3.26,0.42,1,1
white,2,8.1,3.22,0.36,1,1
white,2,2,3.41,0.41,1,1
white,2,2,3.4,0.41,1,1
white,2,1.6,3.17,0.48,1,1
white,2,1.6,3.19,0.38,1,1
white,2,6.3,3.52,0.41,1,1
white,2,8.7,3.18,0.39,1,1
white,2,6.7,3.63,0.46,1,1
white,2,0.8,3.1,0.4,1,1
white,2,7.7,3.04,0.38,1,1
white,2,0.8,3.14,0.4,1,1
white,2,6.8,3.15,0.42,1,1
white,2,1.3,3.32,0.43,1,1
white,2,1.3,3.46,0.43,1,1
white,2,1.2,3.32,0.44,1,1
white,2,12.2,3.17,0.42,1,1
white,2,3.3,3.31,0.44,1,1
white,2,1.1,3.14,0.38,1,1
white,2,0.9,3.24,0.35,1,1
white,2,2.2,3.11,0.48,1,1
white,2,6,3.38,0.38,1,1
white,2,1,3.38,0.44,1,1
white,2,1.4,3.32,0.41,1,1
white,2,2.1,3.32,0.42,1,1
white,2,1.1,3.22,0.38,1,1
white,2,1.1,3.22,0.38,1,1
white,2,9.8,3.14,0.42,1,1
white,2,9.8,3.36,0.47,1,1
white,2,2.2,3.37,0.47,1,1
white,2,10.5,3.14,0.35,1,1
white,2,1.4,3.22,0.39,1,1
white,2,1.8,3.49,0.44,1,1
white,2,12.1,3.21,0.4,1,1
white,2,6,3.68,0.46,1,1
white,2,10,3.22,0.35,1,1
white,2,7.75,3.22,0.46,1,1
white,2,1.3,3.41,0.41,1,1
white,2,6.6,3.15,0.36,1,1
white,2,1.85,3.03,0.3,1,1
white,2,1.85,3.03,0.3,1,1
white,2,5,3.15,0.31,1,1
white,2,1.5,3.29,0.42,1,1
white,2,1.1,3.36,0.4,1,1
white,2,4.7,3.16,0.42,1,1
white,2,2.1,3.39,0.43,1,1
white,2,2.1,3.39,0.43,1,1
white,2,3.2,3.39,0.47,1,1
white,2,8,3.11,0.42,1,1
white,2,4.9,3.2,0.42,1,1
white,2,3.4,3.14,0.43,1,1
white,2,16.8,3.23,0.38,1,1
white,2,2.2,3.19,0.48,1,1
white,2,10.3,3.2,0.36,1,1
white,2,1.4,3.28,0.38,1,1
white,2,5.25,3.22,0.4,1,1
white,2,5.25,3.22,0.4,1,1
white,2,1.7,3.28,0.41,1,1
white,2,4.8,3.23,0.43,1,1
white,2,6,3.41,0.36,1,1
white,2,4.5,3.27,0.37,1,1
white,2,11.8,3.18,0.34,1,1
white,2,3.2,3.06,0.33,1,1
white,2,1.1,3.36,0.47,1,1
white,2,1.1,2.97,0.42,1,1
white,2,6.6,3.32,0.45,1,1
white,2,2.2,3.16,0.48,1,1
white,2,2,3.06,0.46,1,1
white,2,13.7,3.17,0.38,1,1
white,2,4,3.06,0.34,1,1
white,2,12.7,3.26,0.35,1,1
white,2,11.8,3.2,0.35,1,1
white,2,5.7,3.27,0.41,1,1
white,2,4.2,3.24,0.43,1,1
white,2,5.1,3.24,0.44,1,1
white,2,6.3,3.29,0.46,1,1
white,2,6.3,3.29,0.46,1,1
white,2,8.2,3.39,0.49,1,1
white,2,1.8,3.28,0.4,1,1
white,2,2.8,3.27,0.43,1,1
white,2,7.3,3.2,0.39,1,1
white,2,1.2,3.38,0.42,1,1
white,2,1.5,2.94,0.39,1,1
white,2,1.5,3.3,0.46,1,1
white,2,2.5,3.1,0.47,1,1
white,2,7.9,3.26,0.36,1,1
white,2,7.5,3.32,0.43,1,1
white,2,5.1,3.29,0.32,1,1
white,2,5.7,3.33,0.43,1,1
white,2,1.8,3.1,0.38,1,1
white,2,1.8,3.1,0.38,1,1
white,2,2.8,3.03,0.49,1,1
white,2,17.05,3.25,0.35,1,1
white,2,5.3,3.35,0.47,1,1
white,2,16.05,3.11,0.38,1,1
white,2,1.1,2.97,0.28,1,1
white,2,1,2.97,0.29,1,1
white,2,9.65,2.99,0.34,1,1
white,2,9.1,2.97,0.3,1,1
white,2,4.6,3.18,0.4,1,1
white,2,5.9,3.15,0.4,1,1
white,2,4.6,3.18,0.4,1,1
white,2,7.4,3.27,0.45,1,1
white,2,10.8,3.18,0.37,1,1
white,2,8.2,2.99,0.31,1,1
white,2,1.2,3.38,0.35,1,1
white,2,0.95,3.25,0.35,1,1
white,2,1.9,3.06,0.45,1,1
white,2,5.85,3.23,0.32,1,1
white,2,1.4,3.26,0.32,1,1
white,2,12.9,3.17,0.43,1,1
white,2,1.3,3.29,0.45,1,1
white,2,1.5,3.06,0.46,1,1
white,2,8.5,3.03,0.42,1,1
white,2,11.45,2.98,0.3,1,1
white,2,7.3,3.21,0.43,1,1
white,2,6.65,3.18,0.42,1,1
white,2,1.4,3.43,0.48,1,1
white,2,4.8,3.18,0.44,1,1
white,2,1,3.3,0.39,1,1
white,2,14.5,3.06,0.3,1,1
white,2,3.9,3.15,0.31,1,1
white,2,3.5,3.15,0.31,1,1
white,2,2.9,3.1,0.49,1,1
white,2,6.1,3.24,0.32,1,1
white,2,1,3.06,0.37,1,1
white,2,1,3.24,0.36,1,1
white,2,1.3,3.18,0.41,1,1
white,2,11.25,3.02,0.38,1,1
white,2,2.2,3.28,0.36,1,1
white,2,1.95,3.12,0.25,1,1
white,2,7.4,3.16,0.37,1,1
white,2,1.5,3.16,0.42,1,1
white,2,10.9,3.24,0.47,1,1
white,2,1.3,3.42,0.47,1,1
white,2,1.7,3.13,0.45,1,1
white,2,1.7,3.13,0.45,1,1
white,2,3,3.26,0.47,1,1
white,2,1.4,3.29,0.46,1,1
white,2,1.4,3.05,0.49,1,1
white,2,5.6,3.22,0.38,1,1
white,2,2.9,3.22,0.38,1,1
white,2,5.35,2.93,0.43,1,1
white,2,2.5,3.14,0.32,1,1
white,2,9.4,3.17,0.34,1,1
white,2,3.3,3.1,0.4,1,1
white,2,2.2,3.12,0.48,1,1
white,2,0.8,3.03,0.37,1,1
white,2,1.3,3.21,0.42,1,1
white,2,1.4,3.12,0.44,1,1
white,2,6.5,3.12,0.33,1,1
white,2,8.6,3.25,0.41,1,1
white,2,3.6,3.08,0.4,1,1
white,2,1.8,3.32,0.4,1,1
white,2,10.2,3.11,0.45,1,1
white,2,2.6,3.05,0.34,1,1
white,2,2.5,3.14,0.36,1,1
white,2,2.4,3.26,0.39,1,1
white,2,6.6,2.97,0.31,1,1
white,2,5.3,3.12,0.46,1,1
white,2,9.55,2.98,0.37,1,1
white,2,8.3,2.96,0.39,1,1
white,2,9,3.34,0.35,1,1
white,2,1.3,3.24,0.37,1,1
white,2,1,3.31,0.38,1,1
white,2,2.9,3.13,0.4,1,1
white,2,4.75,3.29,0.46,1,1
white,2,1.3,3.18,0.41,1,1
white,2,1.3,3.17,0.39,1,1
white,2,8.9,3.3,0.44,1,1
white,2,9.3,3.16,0.36,1,1
white,2,1.5,3.12,0.44,1,1
white,2,4.7,3.21,0.38,1,1
white,2,26.05,3.06,0.42,1,1
white,2,1.2,3.13,0.41,1,1
white,2,7.6,3.12,0.44,1,1
white,2,1.6,3.27,0.47,1,1
white,2,9.8,3.11,0.45,1,1
white,2,7.05,3.25,0.37,1,1
white,2,0.7,3.11,0.31,1,1
white,2,5.1,3.24,0.46,1,1
white,2,7.4,3.18,0.44,1,1
white,2,2.4,3.28,0.46,1,1
white,2,20.3,3.04,0.38,1,1
white,2,3.3,3.1,0.4,1,1
white,2,4,3.23,0.46,1,1
white,2,4.8,3.08,0.47,1,1
white,2,7.8,3.24,0.34,1,1
white,2,1.8,3.13,0.49,1,1
white,2,6.2,3.03,0.32,1,1
white,2,1.9,3.25,0.45,1,1
white,2,5.7,3.11,0.27,1,1
white,2,1.2,3.19,0.41,1,1
white,2,13.3,3.34,0.42,1,1
white,2,8.2,3.17,0.33,1,1
white,2,5.4,3.32,0.42,1,1
white,2,0.9,3.1,0.42,1,1
white,2,4.4,3.24,0.46,1,1
white,2,7.9,3.4,0.39,1,1
white,2,2.1,3.42,0.49,1,1
white,2,1.4,3.07,0.47,1,1
white,2,5,3.25,0.43,1,1
white,2,1.6,3.19,0.45,1,1
white,2,4.2,3.12,0.39,1,1
white,2,4.2,3.12,0.39,1,1
white,2,13.8,3.1,0.37,1,1
white,2,2.4,3.01,0.36,1,1
white,2,1.6,3.37,0.47,1,1
white,2,2,3.32,0.37,1,1
white,2,5,3.2,0.42,1,1
white,2,8.2,3.28,0.44,1,1
white,2,8.2,3,0.37,1,1
white,2,1.6,3.09,0.46,1,1
white,2,1.8,3.15,0.46,1,1
white,2,6.1,3.19,0.34,1,1
white,2,4.2,3.16,0.31,1,1
white,2,4.2,3.16,0.31,1,1
white,2,1.8,3.25,0.41,1,1
white,2,1.7,3.07,0.43,1,1
white,2,1.7,3.07,0.43,1,1
white,2,1.6,2.98,0.44,1,1
white,2,1.6,3.08,0.46,1,1
white,2,4,3.19,0.39,1,1
white,2,4.9,3.33,0.37,1,1
white,2,4.9,3.17,0.44,1,1
white,2,5.7,3.2,0.49,1,1
white,2,0.9,3.25,0.43,1,1
white,2,19.8,3.07,0.38,1,1
white,2,8.8,3.13,0.49,1,1
white,2,1.4,3.34,0.41,1,1
white,2,6.5,3.4,0.42,1,1
white,2,10.5,3.09,0.33,1,1
white,2,1.7,3.19,0.42,1,1
white,2,6.4,3.23,0.44,1,1
white,2,4.2,3.28,0.49,1,1
white,2,1.4,3.06,0.39,1,1
white,2,12.8,3.26,0.38,1,1
white,2,5.3,3.24,0.4,1,1
white,2,4.9,3.38,0.43,1,1
white,2,2.8,3.19,0.38,1,1
white,2,6.1,3.17,0.42,1,1
white,2,9.9,3.12,0.49,1,1
white,2,1.4,2.95,0.31,1,1
white,2,6.2,2.99,0.39,1,1
white,2,2,3.24,0.37,1,1
white,2,16.2,3.17,0.37,1,1
white,2,2.4,3.15,0.38,1,1
white,2,2,3.19,0.49,1,1
white,2,12.5,3.17,0.29,1,1
white,2,8.4,3.16,0.36,1,1
white,2,1.6,3.22,0.34,1,1
white,2,1,3.24,0.41,1,1
white,2,8.5,3.16,0.46,1,1
white,2,1.8,3.25,0.48,1,1
white,2,3.3,3.08,0.31,1,1
white,2,3,3.13,0.39,1,1
white,2,2.8,3.15,0.38,1,1
white,2,2.8,3.23,0.47,1,1
white,2,6.2,3.17,0.27,1,1
white,2,1.8,3.52,0.47,1,1
white,2,1.3,3.46,0.44,1,1
white,2,1.5,3.18,0.46,1,1
white,2,1.5,3.26,0.44,1,1
white,2,10.5,3.12,0.4,1,1
white,2,1.4,2.88,0.38,1,1
white,2,1.1,3.32,0.4,1,1
white,2,15.2,3.17,0.39,1,1
white,2,1.6,3.16,0.48,1,1
white,2,1.6,2.94,0.46,1,1
white,2,1.2,3.19,0.43,1,1
white,2,7.6,3.04,0.32,1,1
white,2,12.6,3.19,0.4,1,1
white,2,1.2,2.96,0.36,1,1
white,2,5.1,3.03,0.41,1,1
white,2,2.2,3.27,0.46,1,1
white,2,1.2,3.03,0.33,1,1
white,2,1,3.05,0.34,1,1
white,2,2,3.14,0.45,1,1
white,2,1.4,3.24,0.42,1,1
white,2,5.2,3.24,0.45,1,1
white,2,1.6,3.18,0.47,1,1
white,2,9.4,2.99,0.32,1,1
white,2,1.2,3.2,0.48,1,1
white,2,6.4,3.18,0.46,1,1
white,2,1,3.09,0.37,1,1
white,2,6.85,3.03,0.3,1,1
white,2,2.1,3.25,0.4,1,1
white,2,2.3,2.94,0.35,1,1
white,2,5.2,3.3,0.47,1,1
white,2,1.8,3.32,0.44,1,1
white,2,1.1,3.39,0.48,1,1
white,2,1.8,2.96,0.35,1,1
white,2,7.9,2.96,0.34,1,1
white,2,2.05,3.19,0.44,1,1
white,2,6,3.14,0.44,1,1
white,2,3.7,3.06,0.45,1,1
white,2,1.4,3.11,0.42,1,1
white,2,5.25,3.13,0.45,1,1
white,2,1.9,2.93,0.36,1,1
white,2,2,3.28,0.48,1,1
white,2,1.9,3.27,0.45,1,1
white,2,11.1,3.15,0.34,1,1
white,2,4.6,3.01,0.38,1,1
white,2,7.1,3.16,0.38,1,1
white,2,1.2,3.51,0.47,1,1
white,2,6.5,3.03,0.38,1,1
white,2,9.9,3.15,0.46,1,1
white,2,2.6,3.1,0.49,1,1
white,2,1.7,3.21,0.44,1,1
white,2,1.6,2.97,0.43,1,1
white,2,19.5,3.24,0.38,1,1
white,2,4.6,3.15,0.38,1,1
white,2,6,3.16,0.39,1,1
white,2,1.6,3.08,0.43,1,1
white,2,8.3,3.12,0.43,1,1
white,2,1.9,3.25,0.4,1,1
white,2,10.6,3.13,0.38,1,1
white,2,2.6,3.46,0.44,1,1
white,2,9.2,3.08,0.29,1,1
white,2,8.8,3.08,0.38,1,1
white,2,2.5,3.15,0.48,1,1
white,2,1.3,2.99,0.39,1,1
white,2,1.1,2.92,0.42,1,1
white,2,14,3.14,0.38,1,1
white,2,5,3.06,0.48,1,1
white,2,4.6,3.03,0.43,1,1
white,2,1.3,3.35,0.39,1,1
white,2,4.3,3.16,0.39,1,1
white,2,1.6,2.93,0.33,1,1
white,2,1.9,3.3,0.49,1,1
white,2,19.6,3.24,0.4,1,1
white,2,4.3,3.11,0.48,1,1
white,2,1.2,3.18,0.34,1,1
white,2,1.8,2.99,0.48,1,1
white,2,5.3,3.11,0.42,1,1
white,2,2,3.18,0.32,1,1
white,2,7,3.21,0.33,1,1
white,2,11.9,3.02,0.31,1,1
white,2,1.6,3.05,0.45,1,1
white,2,1.7,3.03,0.48,1,1
white,2,1,3.25,0.43,1,1
white,2,1.8,3.14,0.39,1,1
white,2,5,2.99,0.39,1,1
white,2,7.4,2.99,0.39,1,1
white,2,3.2,3.03,0.32,1,1
white,2,1,3.08,0.38,1,1
white,2,1.3,3.16,0.4,1,1
white,2,1.8,3.11,0.41,1,1
white,2,3.8,3.1,0.39,1,1
white,2,5.2,3.18,0.48,1,1
white,2,6.7,2.93,0.49,1,1
white,2,5.3,3.06,0.32,1,1
white,2,1,3.08,0.43,1,1
white,2,9.4,3.14,0.48,1,1
white,2,9,3.34,0.49,1,1
white,2,5.2,3.18,0.4,1,1
white,2,7.1,3.17,0.43,1,1
white,2,1.2,3.28,0.42,1,1
white,2,9.7,2.99,0.36,1,1
white,2,1.1,2.98,0.39,1,1
white,2,10.8,3.06,0.47,1,1
white,2,10.8,3.06,0.47,1,1
white,2,10,3.12,0.36,1,1
white,2,4.6,3.29,0.47,1,1
white,2,7.7,3.18,0.41,1,1
white,2,1.2,3,0.45,1,1
white,2,9.7,3.1,0.46,1,1
white,2,11,3.11,0.49,1,1
white,2,6.9,3.26,0.44,1,1
white,2,7.1,3.14,0.41,1,1
white,2,0.9,2.92,0.36,1,1
white,2,8.1,3.1,0.3,1,1
white,2,4.3,3.16,0.33,1,1
white,2,1.7,3.03,0.42,1,1
white,2,7.9,3.05,0.46,1,1
white,2,1.3,2.99,0.36,1,1
white,2,8.5,3.04,0.37,1,1
white,2,0.9,3.07,0.38,1,1
white,2,6.8,3.01,0.38,1,1
white,2,1,3.24,0.36,1,1
white,2,3.5,3.19,0.35,1,1
white,2,1,3.04,0.32,1,1
white,2,7.6,3.16,0.34,1,1
white,2,4.1,3,0.32,1,1
white,2,1.7,3.05,0.37,1,1
white,2,1.1,3,0.47,1,1
white,2,2.5,3.23,0.47,1,1
white,2,8.8,3.13,0.35,1,1
white,2,3.2,3.15,0.36,1,1
white,2,4.45,3.25,0.42,1,1
white,2,7.4,3.03,0.33,1,1
white,2,14.9,3.08,0.31,1,1
white,2,1.5,3.03,0.4,1,1
white,2,1.1,3,0.35,1,1
white,2,9.25,3.05,0.37,1,1
white,2,9.25,3.05,0.37,1,1
white,2,0.8,2.99,0.38,1,1
white,2,4.1,3.01,0.38,1,1
white,2,0.6,3.08,0.38,1,1
white,2,4.8,3.12,0.49,1,1
white,2,1.1,2.97,0.35,1,1
white,2,10.3,3.13,0.4,1,1
white,2,5,2.87,0.49,1,1
white,2,1.2,3.2,0.37,1,1
white,2,4.6,3.15,0.45,1,1
white,2,4.6,3.15,0.45,1,1
white,2,0.8,3.01,0.35,1,1
white,2,5.9,2.93,0.35,1,1
white,2,4.9,3.04,0.4,1,1
white,2,2,3.15,0.46,1,1
white,2,2,3.15,0.46,1,1
white,2,11.8,3.1,0.34,1,1
white,2,6.2,2.89,0.34,1,1
white,2,0.9,2.96,0.28,1,1
white,2,1.6,3.02,0.45,1,1
white,2,1,2.96,0.25,1,1
white,2,1.2,2.93,0.37,1,1
white,2,10.7,2.85,0.42,1,1
white,2,6.5,3.08,0.43,1,1
white,2,1.3,2.94,0.43,1,1
white,2,1.5,2.96,0.49,1,1
white,2,9.85,2.87,0.29,1,1
white,2,1.8,3.65,0.89,2,2
white,2,2.2,3.69,0.62,2,2
white,2,11.8,3.41,0.64,2,2
white,2,8.3,3.53,0.51,2,2
white,2,1.75,3.4,0.51,2,2
white,2,1.6,3.3,0.84,2,2
white,2,1,3.57,0.59,2,2
white,2,7.4,3.38,0.51,2,2
white,2,1.3,3.48,0.54,2,2
white,2,1.2,3.32,0.62,2,2
white,2,3.9,3.31,0.58,2,2
white,2,9.65,3.18,0.53,2,2
white,2,1.2,3.37,0.66,2,2
white,2,2.7,3.2,0.53,2,2
white,2,2.7,3.2,0.53,2,2
white,2,2.1,3.39,0.77,2,2
white,2,4.6,3.33,0.54,2,2
white,2,1.6,3.33,0.51,2,2
white,2,2.2,3.21,0.68,2,2
white,2,1.5,3.34,0.58,2,2
white,2,1.1,3.23,0.53,2,2
white,2,10.7,3.25,0.61,2,2
white,2,1.1,3.47,0.56,2,2
white,2,5.55,3.47,0.5,2,2
white,2,6.3,3.54,0.5,2,2
white,2,1.25,3.51,0.6,2,2
white,2,4.5,3.42,0.9,2,2
white,2,6.7,3.29,0.63,2,2
white,2,7.95,3.44,0.61,2,2
white,2,12.2,3.23,0.53,2,2
white,2,1.5,3.3,0.59,2,2
white,2,1.9,3.29,0.55,2,2
white,2,1.1,3.31,0.52,2,2
white,2,1.6,3.33,0.52,2,2
white,2,1.4,3.31,0.5,2,2
white,2,2.2,3.07,0.54,2,2
white,2,5.1,3.18,0.67,2,2
white,2,6.6,3.29,0.62,2,2
white,2,1.2,3.19,0.5,2,2
white,2,1.3,3.43,0.68,2,2
white,2,9.1,3.66,0.55,2,2
white,2,4.5,3.31,0.64,2,2
white,2,1.5,3.3,0.57,2,2
white,2,1.8,3.38,0.9,2,2
white,2,1.4,3.59,0.56,2,2
white,2,4.3,3.16,0.57,2,2
white,2,4.9,3.23,0.58,2,2
white,2,2.6,3.36,0.78,2,2
white,2,2.6,3.39,0.79,2,2
white,2,5.7,3.22,0.51,2,2
white,2,1.3,3.45,0.53,2,2
white,2,1.4,3.29,0.52,2,2
white,2,8.6,3.23,0.53,2,2
white,2,9,3.25,0.53,2,2
white,2,4.5,3.49,0.51,2,2
white,2,4.2,3.13,0.74,2,2
white,2,2,3.39,0.69,2,2
white,2,2.4,3.63,0.73,2,2
white,2,2,3.02,0.54,2,2
white,2,1.5,3.36,0.56,2,2
white,2,1.6,3.41,0.55,2,2
white,2,1.3,3.08,0.64,2,2
white,2,2.4,3.41,0.78,2,2
white,2,1.9,3.64,0.54,2,2
white,2,5,2.94,0.63,2,2
white,2,5.9,3.16,0.72,2,2
white,2,1.5,3.5,0.52,2,2
white,2,1.3,3.21,0.62,2,2
white,2,1.3,3.29,0.63,2,2
white,2,1.9,3.16,0.69,2,2
white,2,6.1,3.48,0.57,2,2
white,2,2.7,3.41,0.5,2,2
white,2,1.7,3.22,0.54,2,2
white,2,10.8,3.09,0.59,2,2
white,2,1.8,3.41,0.53,2,2
white,2,1.4,3.34,0.58,2,2
white,2,3.95,3.3,0.54,2,2
white,2,1.6,3.1,0.5,2,2
white,2,1.3,3.04,0.64,2,2
white,2,1.3,3.04,0.64,2,2
white,2,3.5,3.4,0.71,2,2
white,2,1.3,3.11,0.52,2,2
white,2,4.8,3.24,0.56,2,2
white,2,10.7,3.34,0.52,2,2
white,2,1.5,3.31,0.54,2,2
white,2,2.9,3.44,0.64,2,2
white,2,6.2,3.22,0.6,2,2
white,2,2.8,2.95,0.64,2,2
white,2,4.7,3.31,0.62,2,2
white,2,1.5,3.41,0.5,2,2
white,2,1.7,3.49,0.71,2,2
white,2,5.6,3.25,0.51,2,2
white,2,1.1,3.48,0.6,2,2
white,2,6.3,3.21,0.6,2,2
white,2,1.7,3.44,0.66,2,2
white,2,1,3.23,0.52,2,2
white,2,1.2,3.24,0.57,2,2
white,2,1,3.14,0.56,2,2
white,2,1.6,3.3,0.73,2,2
white,2,2.5,3.36,0.59,2,2
white,2,1.7,3.24,0.5,2,2
white,2,1.2,3.32,0.54,2,2
white,2,4.3,2.98,0.64,2,2
white,2,4,3.2,0.5,2,2
white,2,5.6,3.09,0.54,2,2
white,2,6.2,3.29,0.53,2,2
white,2,1.8,3.31,0.5,2,2
white,2,0.9,3.45,0.5,2,2
white,2,3.75,3.23,0.5,2,2
white,2,4.7,3.07,0.75,2,2
white,2,1.2,3.16,0.51,2,2
white,2,1.1,3.13,0.72,2,2
white,2,1.1,3.13,0.72,2,2
white,2,1.5,3.46,0.5,2,2
white,2,1.5,3.46,0.5,2,2
white,2,1.2,3.06,0.74,2,2
white,2,10,3.74,0.55,2,2
white,2,4.7,3.24,0.56,2,2
white,2,4.9,3.1,0.56,2,2
white,2,7.5,3.27,0.52,2,2
white,2,7.5,3.27,0.52,2,2
white,2,14.9,3.28,0.5,2,2
white,2,1.3,3.61,0.54,2,2
white,2,12.9,3.02,0.59,2,2
white,2,1.6,3.48,0.56,2,2
white,2,14.7,3.39,0.6,2,2
white,2,5.8,3.01,0.98,2,2
white,2,1.1,3.17,0.55,2,2
white,2,7.2,3.13,0.55,2,2
white,2,9.3,3.23,0.53,2,2
white,2,7.4,3.24,0.58,2,2
white,2,3.9,3.1,0.59,2,2
white,2,0.9,3.47,0.52,2,2
white,2,4.9,3.38,0.55,2,2
white,2,1.2,3.14,0.73,2,2
white,2,1.2,3.11,0.75,2,2
white,2,1.2,3.11,0.75,2,2
white,2,1.4,3.15,0.5,2,2
white,2,1.1,3.01,0.56,2,2
white,2,5.8,3.18,0.53,2,2
white,2,4.9,3.09,0.58,2,2
white,2,9.6,3.22,0.73,2,2
white,2,3.4,3.14,0.76,2,2
white,2,1.4,3.14,0.52,2,2
white,2,8.2,3.13,0.7,2,2
white,2,1.7,3.49,0.5,2,2
white,2,12.6,3.26,0.7,2,2
white,2,1.4,3.36,0.54,2,2
white,2,1.4,3.24,0.54,2,2
white,2,13.55,3.2,0.56,2,2
white,2,2.1,3.02,0.52,2,2
white,2,2.6,3.21,0.76,2,2
white,2,2.6,3.21,0.76,2,2
white,2,9.15,3.24,0.56,2,2
white,2,1.7,3.27,0.69,2,2
white,2,1.6,3.32,0.59,2,2
white,2,1.4,3.36,0.6,2,2
white,2,2.7,3.4,0.74,2,2
white,2,1.9,3.34,0.7,2,2
white,2,1.9,3.34,0.7,2,2
white,2,0.8,3.11,0.5,2,2
white,2,5.2,3.06,0.5,2,2
white,2,1.3,3.16,0.54,2,2
white,2,3.2,3.25,0.65,2,2
white,2,2.3,3.13,0.52,2,2
white,2,4.1,3.26,0.55,2,2
white,2,2.2,3.22,0.53,2,2
white,2,0.8,3.34,0.56,2,2
white,2,1.3,3.36,0.6,2,2
white,2,9.9,3.07,0.5,2,2
white,2,1.7,3.37,0.6,2,2
white,2,0.9,3.39,0.54,2,2
white,2,1.5,3.43,0.85,2,2
white,2,16.3,3.35,0.54,2,2
white,2,1.6,3.35,0.61,2,2
white,2,1.5,3.36,0.62,2,2
white,2,3.3,3.42,0.64,2,2
white,2,3.9,3.15,0.64,2,2
white,2,2.6,3.22,0.72,2,2
white,2,1.9,3.05,0.54,2,2
white,2,1.5,3.25,0.55,2,2
white,2,1.2,3.01,0.63,2,2
white,2,1.1,3,0.52,2,2
white,2,1.3,3.11,0.56,2,2
white,2,4.8,3.36,0.71,2,2
white,2,12.75,3.1,0.57,2,2
white,2,11.3,3.27,0.78,2,2
white,2,4,3.25,0.53,2,2
white,2,6.4,3.29,0.52,2,2
white,2,2.3,3.07,0.67,2,2
white,2,1.8,3.44,0.61,2,2
white,2,11.2,3.54,0.74,2,2
white,2,4.7,3.32,0.66,2,2
white,2,4.3,2.91,0.54,2,2
white,2,8.9,3.25,0.54,2,2
white,2,8.9,3.25,0.54,2,2
white,2,2.8,3.31,0.63,2,2
white,2,2.8,3.31,0.63,2,2
white,2,9.9,3.46,0.55,2,2
white,2,1.2,3.1,0.76,2,2
white,2,4.9,3.36,0.82,2,2
white,2,2,3.29,0.65,2,2
white,2,1.9,3.29,0.62,2,2
white,2,1.4,3.15,0.53,2,2
white,2,4,3.26,0.54,2,2
white,2,2.1,3.22,0.6,2,2
white,2,4.3,3.22,0.59,2,2
white,2,5.1,3.23,0.69,2,2
white,2,7,3.57,0.55,2,2
white,2,6.4,2.96,0.59,2,2
white,2,8.1,3.33,0.59,2,2
white,2,1,3.24,0.61,2,2
white,2,3.2,3.1,0.69,2,2
white,2,12.9,3.24,0.78,2,2
white,2,12.9,3.24,0.78,2,2
white,2,1.5,3.06,0.56,2,2
white,2,8.6,3.08,0.52,2,2
white,2,9.85,2.98,0.56,2,2
white,2,2.4,3.63,0.76,2,2
white,2,6.95,3.25,0.56,2,2
white,2,4.8,3.29,0.67,2,2
white,2,5.5,3.3,0.53,2,2
white,2,4.7,3.37,0.58,2,2
white,2,7,3.25,0.52,2,2
white,2,6.2,3.09,0.54,2,2
white,2,1.8,3.27,0.55,2,2
white,2,5.9,3.2,0.57,2,2
white,2,1.6,3.53,0.58,2,2
white,2,1.6,3.21,0.6,2,2
white,2,2.9,3.07,0.65,2,2
white,2,5.4,3.1,0.54,2,2
white,2,5.4,3.1,0.54,2,2
white,2,1.5,3.07,0.72,2,2
white,2,1.4,3.23,0.6,2,2
white,2,5.2,3.27,0.57,2,2
white,2,6.3,3.18,0.53,2,2
white,2,2.8,3.09,0.53,2,2
white,2,2.8,3.51,0.7,2,2
white,2,7.6,3.08,0.59,2,2
white,2,1.9,3.45,0.6,2,2
white,2,8,3.13,0.63,2,2
white,2,8,3.13,0.63,2,2
white,2,6.3,3.24,0.66,2,2
white,2,3.4,3.14,0.53,2,2
white,2,3.8,3.26,0.57,2,2
white,2,3.95,3.23,0.53,2,2
white,2,1.3,3.27,0.6,2,2
white,2,1.4,3.63,0.78,2,2
white,2,12.2,3.03,0.56,2,2
white,2,12.2,3.05,0.65,2,2
white,2,1,3.42,0.51,2,2
white,2,8.3,3.34,0.52,2,2
white,2,7.2,3.29,0.57,2,2
white,2,8.3,3.16,0.72,2,2
white,2,4.8,3.26,0.64,2,2
white,2,5.2,3.16,0.72,2,2
white,2,8,3.22,0.54,2,2
white,2,9.1,3.05,0.54,2,2
white,2,9.1,3.05,0.54,2,2
white,2,7.4,3.46,0.62,2,2
white,2,1,3.03,0.54,2,2
white,2,7.1,3.1,0.85,2,2
white,2,4.3,3,0.87,2,2
white,2,2.2,3.41,0.82,2,2
white,2,1.8,2.93,0.59,2,2
white,2,4.1,3.25,0.79,2,2
white,2,1.5,3.1,0.52,2,2
white,2,3.9,3.54,0.59,2,2
white,2,8,3.28,0.57,2,2
white,2,1.5,3.11,0.55,2,2
white,2,8.5,3.22,0.56,2,2
white,2,11,2.98,0.56,2,2
white,2,1.6,3.22,0.5,2,2
white,2,12.85,3.05,0.55,2,2
white,2,6.1,3.24,0.51,2,2
white,2,2,3.23,0.53,2,2
white,2,2.5,3.05,0.56,2,2
white,2,10.6,3.05,0.55,2,2
white,2,1.3,3.31,0.65,2,2
white,2,1.5,3.17,0.64,2,2
white,2,6.1,3.08,0.5,2,2
white,2,7.75,3.12,0.64,2,2
white,2,6.8,3.49,0.64,2,2
white,2,2.7,3.35,0.64,2,2
white,2,7.4,3.31,0.59,2,2
white,2,2.2,3.34,0.64,2,2
white,2,2.2,3.03,0.5,2,2
white,2,1.5,3.15,0.5,2,2
white,2,1.8,3.32,0.9,2,2
white,2,1.4,3.19,0.62,2,2
white,2,1.1,3.04,0.67,2,2
white,2,1.4,3.34,0.57,2,2
white,2,5.5,3.08,0.5,2,2
white,2,5.6,2.93,0.66,2,2
white,2,1.2,3.16,0.5,2,2
white,2,8.7,3.11,0.61,2,2
white,2,2.2,3.27,0.64,2,2
white,2,1.4,3.25,0.53,2,2
white,2,3.8,3.19,0.6,2,2
white,2,7.2,3.08,0.59,2,2
white,2,6.3,3.15,0.52,2,2
white,2,1.6,3.17,1.06,2,2
white,2,4.2,3.01,0.76,2,2
white,2,5.7,2.93,0.59,2,2
white,2,2,3.3,0.59,2,2
white,2,2,3.3,0.59,2,2
white,2,5.4,3.13,0.84,2,2
white,2,1.4,3.15,0.51,2,2
white,2,14.8,3.14,0.57,2,2
white,2,1.3,3.28,0.53,2,2
white,2,5,3.24,0.54,2,2
white,2,2.6,3.04,0.59,2,2
white,2,1.6,3.19,0.51,2,2
white,2,2,3.08,0.56,2,2
white,2,6.5,3.16,0.58,2,2
white,2,4.7,3.36,0.56,2,2
white,2,1.7,3,0.6,2,2
white,2,1.4,3.08,0.77,2,2
white,2,1.2,3.04,0.68,2,2
white,2,1.4,3.22,0.62,2,2
white,2,1.3,3.52,0.66,2,2
white,2,6.1,2.79,0.52,2,2
white,2,2.6,3.04,0.53,2,2
white,2,1.1,3.12,0.53,2,2
white,2,6,3.13,0.55,2,2
white,2,5.5,3.05,0.62,2,2
white,2,15.1,3.13,0.51,2,2
white,2,4.8,3.11,0.52,2,2
white,2,17.7,3.09,0.64,2,2
white,2,1.7,3.45,0.56,2,2
white,2,1.2,3.05,0.68,2,2
white,2,1.5,3.54,0.88,2,2
white,2,6.7,3.2,0.68,2,2
white,2,2.6,3.32,0.53,2,2
white,2,4,3.2,0.5,2,2
white,2,1.3,3.14,0.76,2,2
white,2,1.9,3.2,0.53,2,2
white,2,13.1,3.18,0.79,2,2
white,2,1.8,3.35,0.66,2,2
white,2,1.6,3.23,0.52,2,2
white,2,1.9,3.29,0.54,2,2
white,2,3.6,3.08,0.6,2,2
white,2,3.95,3.08,0.67,2,2
white,2,1.5,3.04,0.74,2,2
white,2,7.8,3.1,0.5,2,2
white,2,1.3,3.42,0.5,2,2
white,2,5.9,3.25,0.54,2,2
white,2,4.8,3.49,0.59,2,2
white,2,2.4,3.27,0.56,2,2
white,2,1,3.01,0.56,2,2
white,2,6.7,3.39,0.62,2,2
white,2,1.8,3.23,0.5,2,2
white,2,8.1,3.4,0.58,2,2
white,2,4.9,3.19,0.58,2,2
white,2,2.3,3.2,0.52,2,2
white,2,7.5,3.22,0.64,2,2
white,2,1.9,3.23,0.5,2,2
white,2,7.8,3.26,0.58,2,2
white,2,65.8,3.39,0.69,2,2
white,2,1.8,3.29,0.52,2,2
white,2,3,3.22,0.51,2,2
white,2,15.6,3.03,0.59,2,2
white,2,1.2,3.18,0.63,2,2
white,2,2,3.05,0.52,2,2
white,2,2,3.05,0.52,2,2
white,2,1.7,2.97,0.51,2,2
white,2,2.7,3.12,0.59,2,2
white,2,4.5,3.17,0.54,2,2
white,2,1.5,3.2,0.54,2,2
white,2,1.3,3.06,0.61,2,2
white,2,4.7,2.9,0.72,2,2
white,2,4.6,2.92,0.74,2,2
white,2,7.7,3.12,0.55,2,2
white,2,1.3,2.99,0.73,2,2
white,2,2,3.12,0.54,2,2
white,2,2.3,2.98,0.5,2,2
white,2,1.8,3.13,0.5,2,2
white,2,1.1,3,0.68,2,2
white,2,7,3.23,0.64,2,2
white,2,8,3.08,0.52,2,2
white,2,2.4,3.28,0.59,2,2
white,2,1.1,3.02,0.51,2,2
white,2,1.6,3.02,0.6,2,2
white,2,10.7,3.15,0.51,2,2
white,2,1.3,3.13,0.54,2,2
white,2,1.6,3.06,0.65,2,2
white,2,10.4,3.2,0.53,2,2
white,2,1.1,2.9,0.5,2,2
white,2,11.8,3.17,0.52,2,2
white,2,1.7,3.06,0.56,2,2
white,2,5.6,2.96,0.52,2,2
white,2,1,3.09,0.51,2,2
white,2,6.7,3.08,0.5,2,2
white,2,2.1,2.93,0.57,2,2
white,2,2,3.1,0.53,2,2
white,2,1.6,3.02,0.61,2,2
white,2,2.3,3.06,0.52,2,2
white,2,2,3,1,2,2
white,2,7.1,3.24,0.48,1,1
white,2,1.1,3.32,0.47,1,1
white,2,2.7,3.34,0.38,1,1
white,2,7.1,3.26,0.41,1,1
white,2,1,3.25,0.45,1,1
white,2,7.1,3.26,0.41,1,1
white,2,0.8,3.28,0.48,1,1
white,2,16.65,3.24,0.48,1,1
white,2,16.65,3.24,0.48,1,1
white,2,4.1,3.27,0.38,1,1
white,2,17.5,3.31,0.44,1,1
white,2,12.5,3.08,0.45,1,1
white,2,1.3,3.27,0.46,1,1
white,2,16.05,3.09,0.46,1,1
white,2,4.5,3.24,0.46,1,1
white,2,10.8,3.22,0.41,1,1
white,2,13.1,3.29,0.38,1,1
white,2,12.3,3.28,0.42,1,1
white,2,5.1,3.36,0.47,1,1
white,2,13.3,3.34,0.42,1,1
white,2,1,3.1,0.45,1,1
white,2,6.3,3.15,0.48,1,1
white,2,12,3.23,0.41,1,1
white,2,0.8,3.36,0.36,1,1
white,2,7.9,3.21,0.36,1,1
white,2,1,3.58,0.48,1,1
white,2,12.5,3.28,0.43,1,1
white,2,8.6,3.28,0.44,1,1
white,2,7.7,3.2,0.39,1,1
white,2,1.4,3.34,0.44,1,1
white,2,1.2,3.08,0.46,1,1
white,2,1.1,3.02,0.4,1,1
white,2,5.4,3.25,0.44,1,1
white,2,9.7,3.05,0.3,1,1
white,2,5.1,3.15,0.41,1,1
white,2,6.8,3.19,0.47,1,1
white,2,1.5,3.12,0.46,1,1
white,2,7.6,3.16,0.47,1,1
white,2,12.9,3.25,0.43,1,1
white,2,3.9,3.07,0.34,1,1
white,2,15.8,3.07,0.45,1,1
white,2,19.95,3.19,0.44,1,1
white,2,1.3,3.31,0.38,1,1
white,2,16.7,3.4,0.45,1,1
white,2,12.1,3.35,0.45,1,1
white,2,1.4,3.19,0.45,1,1
white,2,15.1,2.87,0.47,1,1
white,2,7.6,3.22,0.48,1,1
white,2,1.5,3.3,0.46,1,1
white,2,17.2,3.23,0.43,1,1
white,2,1.4,3.23,0.37,1,1
white,2,2.8,3.01,0.46,1,1
white,2,8,3.16,0.47,1,1
white,2,1,3.14,0.46,1,1
white,2,7.5,3.26,0.46,1,1
white,2,0.9,3.24,0.35,1,1
white,2,12.4,3.1,0.47,1,1
white,2,7,3.18,0.47,1,1
white,2,3.1,3.05,0.43,1,1
white,2,7.8,3.24,0.41,1,1
white,2,13,3.2,0.46,1,1
white,2,8.1,3.1,0.4,1,1
white,2,6.6,3.1,0.4,1,1
white,2,7.7,3.22,0.48,1,1
white,2,14.9,3.14,0.35,1,1
white,2,4.9,3.15,0.49,1,1
white,2,2.8,3.24,0.45,1,1
white,2,1.4,3.27,0.39,1,1
white,2,12.6,3.08,0.38,1,1
white,2,12.9,3.28,0.33,1,1
white,2,5.2,3.38,0.36,1,1
white,2,3.5,3.03,0.38,1,1
white,2,14.9,3.13,0.45,1,1
white,2,7.5,3.17,0.49,1,1
white,2,7.1,3.06,0.34,1,1
white,2,1.7,3.1,0.37,1,1
white,2,2.4,3.18,0.4,1,1
white,2,7.8,3.21,0.42,1,1
white,2,7.8,3.21,0.42,1,1
white,2,7.3,3.24,0.43,1,1
white,2,10.3,3.23,0.47,1,1
white,2,10.3,3.23,0.47,1,1
white,2,3.4,3.18,0.4,1,1
white,2,1,3.06,0.41,1,1
white,2,5.7,3.24,0.43,1,1
white,2,8.2,3.23,0.48,1,1
white,2,5.1,3.07,0.46,1,1
white,2,8.9,3.1,0.48,1,1
white,2,1.5,3.25,0.49,1,1
white,2,8.4,3.18,0.46,1,1
white,2,1.6,3.21,0.36,1,1
white,2,7.6,3.25,0.49,1,1
white,2,7.7,3.11,0.37,1,1
white,2,20.4,3.14,0.38,1,1
white,2,17.1,3.3,0.37,1,1
white,2,16.3,3.26,0.41,1,1
white,2,4.1,3.18,0.45,1,1
white,2,7.4,3.47,0.48,1,1
white,2,8,3.23,0.48,1,1
white,2,17.3,3.15,0.42,1,1
white,2,5.9,2.97,0.4,1,1
white,2,6.7,3.17,0.42,1,1
white,2,1.2,2.99,0.46,1,1
white,2,8,3.18,0.47,1,1
white,2,1.8,3.13,0.37,1,1
white,2,4.5,3.02,0.44,1,1
white,2,9.9,3.11,0.44,1,1
white,2,0.9,3.14,0.47,1,1
white,2,1.2,3.09,0.31,1,1
white,2,17.3,3.08,0.46,1,1
white,2,17.3,3.08,0.46,1,1
white,2,12.8,3.24,0.47,1,1
white,2,3.1,3.12,0.35,1,1
white,2,1.2,3.13,0.36,1,1
white,2,8,3.21,0.46,1,1
white,2,5.3,3.2,0.38,1,1
white,2,7.7,3.16,0.4,1,1
white,2,15.4,3.02,0.4,1,1
white,2,8.7,3.17,0.44,1,1
white,2,15.1,2.94,0.35,1,1
white,2,15.1,2.94,0.35,1,1
white,2,1.2,3.3,0.42,1,1
white,2,7.8,3.17,0.45,1,1
white,2,8.2,3.14,0.48,1,1
white,2,7,3.14,0.48,1,1
white,2,7,3.14,0.48,1,1
white,2,8.1,3.18,0.48,1,1
white,2,8.5,3.16,0.49,1,1
white,2,5.1,3.36,0.42,1,1
white,2,6.5,3.14,0.45,1,1
white,2,7.7,3.22,0.48,1,1
white,2,11.8,2.87,0.49,1,1
white,2,12.4,3.51,0.47,1,1
white,2,5.4,3.27,0.37,1,1
white,2,1.2,2.96,0.43,1,1
white,2,13.4,3.08,0.44,1,1
white,2,7.1,3.08,0.36,1,1
white,2,8.8,3.42,0.4,1,1
white,2,8.8,3.42,0.4,1,1
white,2,15.6,3.19,0.49,1,1
white,2,2.9,3.1,0.34,1,1
white,2,2.5,3.11,0.36,1,1
white,2,7.1,3.16,0.38,1,1
white,2,6.6,2.96,0.43,1,1
white,2,7.7,3.17,0.44,1,1
white,2,8.8,3.22,0.45,1,1
white,2,12.3,3.36,0.4,1,1
white,2,6.4,3.16,0.45,1,1
white,2,12.6,3.42,0.42,1,1
white,2,5.4,3.39,0.46,1,1
white,2,10.6,3.08,0.49,1,1
white,2,18.15,3.3,0.36,1,1
white,2,18.3,3.3,0.41,1,1
white,2,18.3,3.3,0.41,1,1
white,2,11.8,3.19,0.44,1,1
white,2,11.8,3.19,0.44,1,1
white,2,18.1,3.27,0.48,1,1
white,2,18.1,3.27,0.48,1,1
white,2,7.5,3.14,0.41,1,1
white,2,7.8,3.13,0.47,1,1
white,2,10.7,3.05,0.38,1,1
white,2,6.9,3.19,0.46,1,1
white,2,1.4,3.08,0.49,1,1
white,2,6,3.19,0.4,1,1
white,2,14.6,2.93,0.44,1,1
white,2,10.1,3.07,0.4,1,1
white,2,5.4,3.3,0.43,1,1
white,2,13.3,3.09,0.45,1,1
white,2,6.6,3.07,0.48,1,1
white,2,7.3,3.12,0.49,1,1
white,2,7.8,3.24,0.43,1,1
white,2,14.2,3.12,0.48,1,1
white,2,4.6,3.15,0.49,1,1
white,2,7,3.16,0.49,1,1
white,2,5.1,3,0.38,1,1
white,2,8.6,3.2,0.37,1,1
white,2,1.5,3.1,0.43,1,1
white,2,11.2,3.14,0.46,1,1
white,2,6.8,3.08,0.39,1,1
white,2,7.8,3.23,0.37,1,1
white,2,1.1,2.99,0.39,1,1
white,2,1.1,3.03,0.39,1,1
white,2,12,3.19,0.34,1,1
white,2,4.6,3.29,0.37,1,1
white,2,4.1,2.99,0.38,1,1
white,2,9.6,3.39,0.38,1,1
white,2,10,3.08,0.46,1,1
white,2,12.6,3.39,0.38,1,1
white,2,15.55,2.94,0.35,1,1
white,2,18.05,3.22,0.42,1,1
white,2,1,3.2,0.32,1,1
white,2,14.7,2.96,0.39,1,1
white,2,8.3,3.21,0.34,1,1
white,2,1.3,3.04,0.46,1,1
white,2,14.3,2.91,0.46,1,1
white,2,10.7,3.03,0.47,1,1
white,2,9,3.22,0.43,1,1
white,2,1.8,3.18,0.47,1,1
white,2,1.8,3.18,0.47,1,1
white,2,13.3,3.2,0.36,1,1
white,2,6.3,3.5,0.44,1,1
white,2,1.1,3.13,0.36,1,1
white,2,16.4,3.15,0.37,1,1
white,2,10.3,3.19,0.38,1,1
white,2,7.4,3.13,0.46,1,1
white,2,13,3.16,0.49,1,1
white,2,1.8,3.3,0.43,1,1
white,2,1.3,3.46,0.45,1,1
white,2,13.7,2.9,0.46,1,1
white,2,13.7,2.9,0.46,1,1
white,2,13.2,3.05,0.39,1,1
white,2,14.45,2.96,0.42,1,1
white,2,12.4,3.04,0.42,1,1
white,2,6.3,2.9,0.49,1,1
white,2,16.9,3.37,0.38,1,1
white,2,1,3.13,0.4,1,1
white,2,1.4,3.13,0.33,1,1
white,2,1.2,3.14,0.44,1,1
white,2,10.8,3.08,0.49,1,1
white,2,10.4,3.16,0.42,1,1
white,2,12.5,3.04,0.44,1,1
white,2,14.4,3.12,0.38,1,1
white,2,14.4,3.12,0.38,1,1
white,2,14.3,3.09,0.44,1,1
white,2,11.4,3.2,0.44,1,1
white,2,10,3.41,0.47,1,1
white,2,14.2,2.98,0.48,1,1
white,2,14.2,2.98,0.48,1,1
white,2,8.3,3,0.35,1,1
white,2,16.2,3.06,0.36,1,1
white,2,1.3,2.93,0.42,1,1
white,2,1.1,3.01,0.42,1,1
white,2,4.5,3.23,0.36,1,1
white,2,10.4,3.13,0.4,1,1
white,2,8.5,3.19,0.4,1,1
white,2,6.7,3.2,0.41,1,1
white,2,17.95,3.21,0.36,1,1
white,2,13.5,3.02,0.4,1,1
white,2,13.9,2.94,0.41,1,1
white,2,13.9,2.94,0.41,1,1
white,2,13.9,2.94,0.41,1,1
white,2,14.9,3.13,0.45,1,1
white,2,13.1,3.04,0.46,1,1
white,2,14.3,2.89,0.38,1,1
white,2,17.3,3.13,0.46,1,1
white,2,12.9,3.06,0.45,1,1
white,2,12.9,3.06,0.45,1,1
white,2,7.2,3.12,0.37,1,1
white,2,19.9,3.1,0.48,1,1
white,2,6.7,3.2,0.41,1,1
white,2,1.7,3.11,0.43,1,1
white,2,1.4,3.14,0.46,1,1
white,2,15.5,2.9,0.43,1,1
white,2,15.5,2.9,0.43,1,1
white,2,15.5,2.9,0.43,1,1
white,2,13.7,2.9,0.44,1,1
white,2,13.7,2.9,0.44,1,1
white,2,12.8,3.02,0.34,1,1
white,2,14,2.89,0.42,1,1
white,2,11.5,3.27,0.44,1,1
white,2,12.1,3.01,0.44,1,1
white,2,13.2,3.01,0.48,1,1
white,2,13.2,3.01,0.48,1,1
white,2,13.5,3,0.44,1,1
white,2,12.8,3.14,0.49,1,1
white,2,12.8,3.14,0.49,1,1
white,2,16.95,3.03,0.42,1,1
white,2,10.7,2.86,0.36,1,1
white,2,9.1,3.16,0.47,1,1
white,2,1.2,3.36,0.34,1,1
white,2,1.6,3.29,0.44,1,1
white,2,10.9,3,0.36,1,1
white,2,12.1,2.98,0.44,1,1
white,2,11,2.99,0.38,1,1
white,2,18.35,3.17,0.39,1,1
white,2,18.35,3.17,0.39,1,1
white,2,19.45,2.95,0.4,1,1
white,2,8.1,2.9,0.41,1,1
white,2,8.1,2.9,0.41,1,1
white,2,1.3,3.08,0.42,1,1
white,2,11.8,3.17,0.46,1,1
white,2,9.6,3.03,0.46,1,1
white,2,18.9,2.99,0.46,1,1
white,2,13.2,3.1,0.46,1,1
white,2,1.2,3.09,0.43,1,1
white,2,1.4,3.06,0.4,1,1
white,2,1.8,3.07,0.38,1,1
white,2,14.8,3.18,0.49,1,1
white,2,1.8,3.33,0.44,1,1
white,2,3.8,3.15,0.45,1,1
white,2,14.2,3.14,0.46,1,1
white,2,18.05,3.06,0.41,1,1
white,2,7.1,3.2,0.42,1,1
white,2,4.5,3.15,0.42,1,1
white,2,10.6,3.27,0.3,1,1
white,2,10.4,3.24,0.45,1,1
white,2,3.4,3.15,0.41,1,1
white,2,1.9,3.08,0.38,1,1
white,2,4.5,3.09,0.47,1,1
white,2,4.6,3.08,0.47,1,1
white,2,9.3,3.21,0.39,1,1
white,2,9.3,3.21,0.39,1,1
white,2,1.6,3.1,0.45,1,1
white,2,8.6,3.11,0.32,1,1
white,2,9.7,3.08,0.49,1,1
white,2,11.1,3.08,0.44,1,1
white,2,12,3.07,0.46,1,1
white,2,11.8,2.86,0.47,1,1
white,2,11,3.27,0.29,1,1
white,2,16.85,3.16,0.38,1,1
white,2,16.85,3.16,0.38,1,1
white,2,12.9,2.94,0.45,1,1
white,2,1.8,3.45,0.43,1,1
white,2,14.2,3.03,0.46,1,1
white,2,17.85,2.99,0.41,1,1
white,2,10.3,2.93,0.49,1,1
white,2,12.1,2.94,0.48,1,1
white,2,1.2,3.08,0.34,1,1
white,2,2,3.18,0.49,1,1
white,2,13.2,3.25,0.37,1,1
white,2,9.6,3.32,0.47,1,1
white,2,13.6,2.96,0.39,1,1
white,2,5.4,3.14,0.34,1,1
white,2,5.4,3.14,0.34,1,1
white,2,9.2,3.38,0.47,1,1
white,2,2.5,2.89,0.48,1,1
white,2,5.4,3.24,0.38,1,1
white,2,13.8,3.13,0.4,1,1
white,2,1.4,3.17,0.47,1,1
white,2,13.4,3.12,0.47,1,1
white,2,1.6,3.13,0.34,1,1
white,2,1.6,3.14,0.47,1,1
white,2,1,2.91,0.32,1,1
white,2,3.5,3.14,0.36,1,1
white,2,2.4,3.04,0.46,1,1
white,2,1.4,3.15,0.46,1,1
white,2,1.6,3.11,0.49,1,1
white,2,1.6,3.07,0.32,1,1
white,2,2.8,2.97,0.39,1,1
white,2,15.4,3.18,0.45,1,1
white,2,2.4,2.77,0.44,1,1
white,2,7,3.33,0.58,2,2
white,2,6.9,3.34,0.57,2,2
white,2,3.6,3.41,0.5,2,2
white,2,2.5,3.14,0.51,2,2
white,2,2.5,3.34,0.5,2,2
white,2,5.5,3.09,0.57,2,2
white,2,6.3,3.06,0.58,2,2
white,2,1.9,3.38,0.62,2,2
white,2,1.2,3.23,0.58,2,2
white,2,4.4,3.25,0.57,2,2
white,2,2.6,3.43,0.5,2,2
white,2,15.9,3.14,0.5,2,2
white,2,19.3,3.14,0.5,2,2
white,2,19.3,3.14,0.5,2,2
white,2,1.5,3.21,0.56,2,2
white,2,0.8,3.12,0.62,2,2
white,2,14.7,2.99,0.69,2,2
white,2,1.5,3.46,0.51,2,2
white,2,12.4,3.14,0.6,2,2
white,2,5.6,3.05,0.57,2,2
white,2,2.2,3.08,0.61,2,2
white,2,10.6,3.05,0.54,2,2
white,2,15,3.15,0.51,2,2
white,2,1.8,3.08,0.54,2,2
white,2,1.4,3.24,0.5,2,2
white,2,6.4,3.17,0.62,2,2
white,2,1.5,3.42,0.51,2,2
white,2,20.8,3.11,0.53,2,2
white,2,15.8,3.14,0.51,2,2
white,2,1.2,3.26,0.54,2,2
white,2,7.7,3.56,0.72,2,2
white,2,4.8,3.16,0.5,2,2
white,2,12,3.17,0.5,2,2
white,2,2.8,3.18,0.55,2,2
white,2,16.8,3.25,0.57,2,2
white,2,11.2,3.19,0.6,2,2
white,2,15,3.19,0.53,2,2
white,2,8.3,3.33,0.6,2,2
white,2,15.55,3.48,0.64,2,2
white,2,4.4,3.27,0.52,2,2
white,2,12.4,3.11,0.56,2,2
white,2,5.6,3.15,0.63,2,2
white,2,16,3.08,0.5,2,2
white,2,8.1,3.24,0.5,2,2
white,2,3.4,3.11,0.52,2,2
white,2,12.6,3.17,0.52,2,2
white,2,7.6,3.16,0.54,2,2
white,2,1.2,3.37,0.54,2,2
white,2,7.6,3.16,0.54,2,2
white,2,8.8,3.47,0.66,2,2
white,2,11.2,3.12,0.51,2,2
white,2,7.2,3.49,0.64,2,2
white,2,12,3.14,0.55,2,2
white,2,14.4,3.26,0.54,2,2
white,2,1.1,3.42,0.5,2,2
white,2,1.1,3.24,0.52,2,2
white,2,15,3.14,0.5,2,2
white,2,7.2,3.11,0.6,2,2
white,2,1.1,3.09,0.54,2,2
white,2,5.5,3.19,0.66,2,2
white,2,10.7,3.08,0.6,2,2
white,2,8.2,3.12,0.5,2,2
white,2,2.4,3.5,0.5,2,2
white,2,5.6,3.17,0.5,2,2
white,2,10.7,3.17,0.55,2,2
white,2,2.25,3.2,0.62,2,2
white,2,18,2.98,0.61,2,2
white,2,18.1,2.94,0.64,2,2
white,2,9.8,3.15,0.57,2,2
white,2,13,3.09,0.5,2,2
white,2,1.4,3.34,0.72,2,2
white,2,15.4,3.23,0.5,2,2
white,2,8.3,3.14,0.5,2,2
white,2,1.3,3.29,0.54,2,2
white,2,10.4,3.12,0.51,2,2
white,2,11.9,3.26,0.51,2,2
white,2,11.4,3.08,0.54,2,2
white,2,14.4,3.17,0.58,2,2
white,2,14.9,3.04,0.54,2,2
white,2,14.9,3.04,0.54,2,2
white,2,14.4,3.02,0.5,2,2
white,2,9.2,3.23,0.54,2,2
white,2,18.15,3.06,0.5,2,2
white,2,1.3,3.59,0.51,2,2
white,2,16.05,3.08,0.52,2,2
white,2,10,3.28,0.52,2,2
white,2,9.2,3.31,0.56,2,2
white,2,9.7,3.3,0.57,2,2
white,2,12.3,3.1,0.67,2,2
white,2,4.9,3.3,0.75,2,2
white,2,8.1,3.15,0.5,2,2
white,2,11.4,2.96,0.51,2,2
white,2,8.9,3.14,0.57,2,2
white,2,14.8,2.95,0.75,2,2
white,2,9.2,3.22,0.51,2,2
white,2,16.4,3.06,0.54,2,2
white,2,14.3,3.14,0.57,2,2
white,2,8.9,3.22,0.6,2,2
white,2,13.1,3.15,0.5,2,2
white,2,4,3.31,0.68,2,2
white,2,7.5,3.32,0.54,2,2
white,2,12.1,3.31,0.58,2,2
white,2,9.4,3.12,0.61,2,2
white,2,22,2.93,0.5,2,2
white,2,12.8,3,0.52,2,2
white,2,13,3.08,0.67,2,2
white,2,6.2,3.18,0.51,2,2
white,2,16.1,3.15,0.5,2,2
white,2,11.6,3.07,0.53,2,2
white,2,7.45,3.2,0.5,2,2
white,2,17.5,2.85,0.5,2,2
white,2,8.2,3.11,0.52,2,2
white,2,13.2,3.27,0.5,2,2
white,2,19.25,2.93,0.52,2,2
white,2,19.25,2.93,0.52,2,2
white,2,11.2,3,0.81,2,2
white,2,3.3,3.18,0.5,2,2
white,2,8.9,3.16,0.5,2,2
white,2,6.2,3.12,0.54,2,2
white,2,8.4,3.15,0.55,2,2
white,2,13.65,3,0.6,2,2
white,2,13.65,3,0.6,2,2
white,2,15,3.37,0.82,2,2
white,2,14,3.18,0.58,2,2
white,2,12.5,3.28,0.77,2,2
white,2,1.3,3.29,0.54,2,2
white,2,14.9,3.18,0.61,2,2
white,2,5.7,3.04,0.54,2,2
white,2,16.7,3.08,0.56,2,2
white,2,12.1,3.05,0.5,2,2
white,2,10.7,3.05,0.61,2,2
white,2,15.6,3.38,0.67,2,2
white,2,16,3.3,0.67,2,2
white,2,14.4,3.07,0.53,2,2
white,2,14.4,3.07,0.53,2,2
white,2,16.5,3.16,0.59,2,2
white,2,16.5,3.16,0.59,2,2
white,2,15.25,3.34,0.77,2,2
white,2,14.5,3.35,0.78,2,2
white,2,14.55,3.34,0.78,2,2
white,2,7.8,3.16,0.5,2,2
white,2,7.8,3.16,0.5,2,2
white,2,13.7,3.11,0.53,2,2
white,2,11.6,2.92,0.59,2,2
white,2,8.2,3.16,0.52,2,2
white,2,1.3,3.04,0.74,2,2
white,2,18.75,3.04,0.52,2,2
white,2,9.5,3,0.55,2,2
white,2,8.5,3.2,0.52,2,2
white,2,1.5,3.07,0.57,2,2
white,2,15.7,3.25,0.76,2,2
white,2,15.7,3.25,0.76,2,2
white,2,7.7,3.16,0.52,2,2
white,2,11.9,3.09,0.5,2,2
white,2,7.2,3.14,0.53,2,2
white,2,13.7,3.24,0.66,2,2
white,2,1.3,3.26,0.51,2,2
white,2,1.4,3.33,0.62,2,2
white,2,1.5,3.32,0.64,2,2
white,2,12.7,3.3,0.79,2,2
white,2,16.6,2.96,0.58,2,2
white,2,1.7,3.28,0.69,2,2
white,2,17.95,3.27,0.64,2,2
white,2,14.5,3.1,0.5,2,2
white,2,14.5,3.1,0.5,2,2
white,2,1.4,3.03,0.52,2,2
white,2,14.1,3.2,0.63,2,2
white,2,12.9,3.05,0.66,2,2
white,2,10.4,3.11,0.57,2,2
white,2,1.5,3.22,0.53,2,2
white,2,11.8,3.11,0.6,2,2
white,2,2.3,3.18,0.61,2,2
white,2,13.1,3.05,0.53,2,2
white,2,8.95,3.08,0.54,2,2
white,2,8.7,2.98,0.57,2,2
white,2,14.8,3.06,0.6,2,2
white,2,14.8,3.06,0.6,2,2
white,2,11.7,2.91,0.51,2,2
white,2,13,2.96,0.51,2,2
white,2,16.75,3.15,0.54,2,2
white,2,16.75,3.15,0.54,2,2
white,2,18.75,3.1,0.5,2,2
white,2,13.9,3.34,0.5,2,2
white,2,2.2,3.19,0.53,2,2
white,2,9.2,3.06,0.61,2,2
white,2,14.3,3.18,0.63,2,2
white,2,10.7,3.12,0.55,2,2
white,2,12.2,3.01,0.54,2,2
white,2,12.2,3.06,0.53,2,2
white,2,13.7,3.22,0.75,2,2
white,2,13.7,3.22,0.75,2,2
white,2,9.5,3.08,0.61,2,2
white,2,2.1,3.23,0.64,2,2
white,2,10.6,2.87,0.74,2,2
white,2,17,3.15,0.51,2,2
white,2,11.4,3.11,0.57,2,2
white,2,1.6,3.29,0.76,2,2
white,2,6.2,3.09,0.53,2,2
white,2,14.6,3.21,0.69,2,2
white,2,19.1,3.05,0.5,2,2
white,2,12.6,2.99,0.56,2,2
white,2,16.65,3.2,0.62,2,2
white,2,1.3,3.14,0.5,2,2
white,2,13.9,2.99,0.8,2,2
white,2,1.4,3.17,0.57,2,2
white,2,17.5,3.02,0.56,2,2
white,2,19.8,2.99,0.54,2,2
white,2,7.8,3.34,0.51,2,2
white,2,14.8,3.22,0.5,2,2
white,2,11.8,3.34,0.82,2,2
white,2,11.8,3.34,0.82,2,2
white,2,15.2,3.02,0.66,2,2
white,2,16.2,3.02,0.5,2,2
white,2,12.15,3,0.73,2,2
white,2,15,3.28,0.79,2,2
white,2,3.2,3.14,0.58,2,2
white,2,3.2,3.14,0.58,2,2
white,2,1.5,2.98,0.62,2,2
white,2,1.4,2.89,0.28,1,1
white,2,6.2,2.99,0.51,2,2
white,2,2.2,3.19,0.59,2,2
white,2,8.2,2.87,0.68,2,2
